<?xml version="1.0" encoding="UTF-8"?><?xml-stylesheet type="text/css" href="idempiereDocument.css"?><idempiereDocument>
    <header>20250120_JPIERE-0646-0647 Package Description</header>
    <H1>Package Name:</H1>
    <packagename>20250120_JPIERE-0646-0647</packagename>
    <H1>Author:</H1>
    <Name:/>
    <H1>Email Address:</H1>
    <Email/>
    <H1>Created:</H1>
    <Date>2025-01-20 14:35:32.338</Date>
    <H1>Updated:</H1>
    <Date>2025-01-20 14:38:49.575</Date>
    <H1>Description:</H1>
    <description>JPPS-CM: Consolidated Management: CM Check List of Incom Payment UnAllocated</description>
    <H1>Instructions:</H1>
    <instructions/>
    <H1>Files in Package:</H1>
    <file>File: PackOut.xml</file>
    <filedirectory>Directory: \dict\</filedirectory>
    <filenotes>Notes: Contains all application/object settings for package</filenotes>
    <H1>Client:</H1>
    <Client>0-SYSTEM-System</Client>
</idempiereDocument>
