<?xml version="1.0" encoding="UTF-8"?><idempiere Name="20241120_JPIERE-0629-04" Version="11" idempiereVersion="" DataBaseVersion="" Description="JPPS: Consolidated Product Process" Author="" AuthorEmail="" CreatedDate="2024-12-01 14:40:05.716" UpdatedDate="2024-12-01 15:28:04.758" PackOutVersion="100" UpdateDictionary="false" Client="0-SYSTEM-System" AD_Client_UU="11237b53-9592-4af1-b3c5-afd216514b5d">
    <AD_Process type="table">
        <AD_Client_ID>0</AD_Client_ID>
        <AD_Org_ID>0</AD_Org_ID>
        <IsActive>Y</IsActive>
        <Name>Consolidated Product Process</Name>
        <Description>JPIERE-0629:JPPS</Description>
        <Help/>
        <ProcedureName/>
        <IsReport>N</IsReport>
        <Value>JP_ConsolidatedProductProcessWindow</Value>
        <IsDirectPrint>N</IsDirectPrint>
        <AD_ReportView_ID reference="id"/>
        <Classname>jpiere.plugin.consolidated.management.process.ConsolidatedProductProcess</Classname>
        <AccessLevel>4</AccessLevel>
        <EntityType>JP</EntityType>
        <Statistic_Count>0</Statistic_Count>
        <Statistic_Seconds>0</Statistic_Seconds>
        <AD_PrintFormat_ID reference="id"/>
        <WorkflowValue/>
        <AD_Workflow_ID reference="id"/>
        <IsBetaFunctionality>N</IsBetaFunctionality>
        <ShowHelp>Y</ShowHelp>
        <JasperReport/>
        <AD_Form_ID reference="id"/>
        <CopyFromProcess>N</CopyFromProcess>
        <AD_Process_UU>a32ee504-5a3b-4907-a96d-3e46d420bd67</AD_Process_UU>
        <AD_CtxHelp_ID reference="id"/>
        <ExecutionType/>
        <AllowMultipleExecution>P</AllowMultipleExecution>
        <FileNamePattern/>
        <JP_CancelWorkflow_ID reference="id"/>
        <AD_Process_Trl type="translation">
            <Description/>
            <Help/>
            <Name>連結品目マスタプロセス</Name>
            <AD_Language>ja_JP</AD_Language>
            <IsActive>Y</IsActive>
            <IsTranslated>N</IsTranslated>
        </AD_Process_Trl>
        <AD_Reference type="table">
            <AD_Client_ID>0</AD_Client_ID>
            <AD_Org_ID>0</AD_Org_ID>
            <Name>JP AD_AllClients_V_ID &gt; 0</Name>
            <Description>JPIERE-0629:JPPS</Description>
            <Help/>
            <ValidationType>T</ValidationType>
            <IsActive>Y</IsActive>
            <VFormat/>
            <EntityType>JP</EntityType>
            <IsOrderByValue>N</IsOrderByValue>
            <AD_Reference_UU>d27af246-349f-4108-86d5-7978b0c4d88a</AD_Reference_UU>
            <AD_Element_ID reference="id"/>
            <ShowInactive>N</ShowInactive>
            <AD_Reference_Trl type="translation">
                <Description>JPIERE-0629:JPPS</Description>
                <Help/>
                <Name>JP AD_AllClients_V_ID &gt; 0</Name>
                <AD_Language>ja_JP</AD_Language>
                <IsActive>Y</IsActive>
                <IsTranslated>N</IsTranslated>
            </AD_Reference_Trl>
            <AD_Ref_Table type="table">
                <AD_Client_ID>0</AD_Client_ID>
                <AD_Org_ID>0</AD_Org_ID>
                <AD_Reference_ID reference="uuid" reference-key="AD_Reference">d27af246-349f-4108-86d5-7978b0c4d88a</AD_Reference_ID>
                <AD_Table_ID reference="id">200223</AD_Table_ID>
                <WhereClause>AD_AllClients_V.AD_AllClients_V_ID &gt; 0</WhereClause>
                <OrderByClause/>
                <IsActive>Y</IsActive>
                <IsValueDisplayed>N</IsValueDisplayed>
                <EntityType>JP</EntityType>
                <AD_Window_ID reference="id"/>
                <AD_Ref_Table_UU>47dfd944-0b40-4f8e-8c45-59d3dc7f5363</AD_Ref_Table_UU>
                <AD_InfoWindow_ID reference="id"/>
                <AD_Display reference="id">213154</AD_Display>
                <AD_Key reference="id">213145</AD_Key>
            </AD_Ref_Table>
        </AD_Reference>
        <AD_Val_Rule type="table">
            <AD_Client_ID>0</AD_Client_ID>
            <AD_Org_ID>0</AD_Org_ID>
            <Name>JP AD_AllClients_V_ID &gt; 0</Name>
            <Description/>
            <Type>S</Type>
            <Code>AD_AllClients_V.AD_AllClients_V_ID &gt; 0</Code>
            <IsActive>Y</IsActive>
            <EntityType>JP</EntityType>
            <AD_Val_Rule_UU>69e4da7b-6efd-4e37-8d94-23dae9824336</AD_Val_Rule_UU>
        </AD_Val_Rule>
        <AD_Process_Para type="table">
            <AD_Client_ID>0</AD_Client_ID>
            <AD_Org_ID>0</AD_Org_ID>
            <IsActive>Y</IsActive>
            <Name>Tenant (All)</Name>
            <Description/>
            <Help/>
            <AD_Process_ID reference="uuid" reference-key="AD_Process">a32ee504-5a3b-4907-a96d-3e46d420bd67</AD_Process_ID>
            <SeqNo>10</SeqNo>
            <AD_Reference_ID reference="id">200163</AD_Reference_ID>
            <AD_Reference_Value_ID reference="uuid" reference-key="AD_Reference">d27af246-349f-4108-86d5-7978b0c4d88a</AD_Reference_Value_ID>
            <IsRange>N</IsRange>
            <AD_Val_Rule_ID reference="uuid" reference-key="AD_Val_Rule">69e4da7b-6efd-4e37-8d94-23dae9824336</AD_Val_Rule_ID>
            <FieldLength>0</FieldLength>
            <IsMandatory>N</IsMandatory>
            <DefaultValue/>
            <VFormat/>
            <ValueMin/>
            <ValueMax/>
            <ColumnName>AD_AllClients_V_ID</ColumnName>
            <DefaultValue2/>
            <IsCentrallyMaintained>Y</IsCentrallyMaintained>
            <EntityType>JP</EntityType>
            <AD_Element_ID reference="id">203119</AD_Element_ID>
            <ReadOnlyLogic/>
            <DisplayLogic/>
            <AD_Process_Para_UU>4ba4004a-c5e1-4d70-928b-5a1c06c17621</AD_Process_Para_UU>
            <IsEncrypted>N</IsEncrypted>
            <MandatoryLogic/>
            <Query/>
            <AD_FieldGroup_ID reference="id"/>
            <Placeholder/>
            <Placeholder2/>
            <IsAutocomplete>N</IsAutocomplete>
            <DateRangeOption>D</DateRangeOption>
            <IsShowNegateButton>N</IsShowNegateButton>
            <AD_Process_Para_Trl type="translation">
                <Description/>
                <Help/>
                <Name>テナント</Name>
                <Placeholder/>
                <Placeholder2/>
                <AD_Language>ja_JP</AD_Language>
                <IsActive>Y</IsActive>
                <IsTranslated>N</IsTranslated>
            </AD_Process_Para_Trl>
        </AD_Process_Para>
    </AD_Process>
    <AD_Process type="table">
        <AD_Client_ID>0</AD_Client_ID>
        <AD_Org_ID>0</AD_Org_ID>
        <IsActive>Y</IsActive>
        <Name>Consolidated Product Process</Name>
        <Description>JPIERE-0629:JPPS</Description>
        <Help/>
        <ProcedureName/>
        <IsReport>N</IsReport>
        <Value>JP_ConsolidatedProductProcessProcess</Value>
        <IsDirectPrint>N</IsDirectPrint>
        <AD_ReportView_ID reference="id"/>
        <Classname>jpiere.plugin.consolidated.management.process.ConsolidatedProductProcess</Classname>
        <AccessLevel>4</AccessLevel>
        <EntityType>JP</EntityType>
        <Statistic_Count>0</Statistic_Count>
        <Statistic_Seconds>0</Statistic_Seconds>
        <AD_PrintFormat_ID reference="id"/>
        <WorkflowValue/>
        <AD_Workflow_ID reference="id"/>
        <IsBetaFunctionality>N</IsBetaFunctionality>
        <ShowHelp>Y</ShowHelp>
        <JasperReport/>
        <AD_Form_ID reference="id"/>
        <CopyFromProcess>N</CopyFromProcess>
        <AD_Process_UU>d81383bd-03d4-467b-98b2-ca8fd9af12af</AD_Process_UU>
        <AD_CtxHelp_ID reference="id"/>
        <ExecutionType/>
        <AllowMultipleExecution>P</AllowMultipleExecution>
        <FileNamePattern/>
        <JP_CancelWorkflow_ID reference="id"/>
        <AD_Process_Trl type="translation">
            <Description>JPIERE-0629:JPPS</Description>
            <Help/>
            <Name>連結品目マスタプロセス</Name>
            <AD_Language>ja_JP</AD_Language>
            <IsActive>Y</IsActive>
            <IsTranslated>N</IsTranslated>
        </AD_Process_Trl>
        <AD_Process_Para type="table">
            <AD_Client_ID>0</AD_Client_ID>
            <AD_Org_ID>0</AD_Org_ID>
            <IsActive>Y</IsActive>
            <Name>Tenant (All)</Name>
            <Description/>
            <Help/>
            <AD_Process_ID reference="uuid" reference-key="AD_Process">d81383bd-03d4-467b-98b2-ca8fd9af12af</AD_Process_ID>
            <SeqNo>10</SeqNo>
            <AD_Reference_ID reference="id">200163</AD_Reference_ID>
            <AD_Reference_Value_ID reference="uuid" reference-key="AD_Reference">d27af246-349f-4108-86d5-7978b0c4d88a</AD_Reference_Value_ID>
            <IsRange>N</IsRange>
            <AD_Val_Rule_ID reference="uuid" reference-key="AD_Val_Rule">69e4da7b-6efd-4e37-8d94-23dae9824336</AD_Val_Rule_ID>
            <FieldLength>0</FieldLength>
            <IsMandatory>N</IsMandatory>
            <DefaultValue/>
            <VFormat/>
            <ValueMin/>
            <ValueMax/>
            <ColumnName>AD_AllClients_V_ID</ColumnName>
            <DefaultValue2/>
            <IsCentrallyMaintained>Y</IsCentrallyMaintained>
            <EntityType>JP</EntityType>
            <AD_Element_ID reference="id">203119</AD_Element_ID>
            <ReadOnlyLogic/>
            <DisplayLogic/>
            <AD_Process_Para_UU>b0361b1d-7ca6-417e-9c75-485083981a90</AD_Process_Para_UU>
            <IsEncrypted>N</IsEncrypted>
            <MandatoryLogic/>
            <Query/>
            <AD_FieldGroup_ID reference="id"/>
            <Placeholder/>
            <Placeholder2/>
            <IsAutocomplete>N</IsAutocomplete>
            <DateRangeOption>D</DateRangeOption>
            <IsShowNegateButton>N</IsShowNegateButton>
            <AD_Process_Para_Trl type="translation">
                <Description/>
                <Help/>
                <Name>テナント</Name>
                <Placeholder/>
                <Placeholder2/>
                <AD_Language>ja_JP</AD_Language>
                <IsActive>Y</IsActive>
                <IsTranslated>N</IsTranslated>
            </AD_Process_Para_Trl>
        </AD_Process_Para>
        <AD_Element type="table">
            <AD_Client_ID>0</AD_Client_ID>
            <AD_Org_ID>0</AD_Org_ID>
            <IsActive>Y</IsActive>
            <ColumnName>JP_CM_ProductCategory_ID</ColumnName>
            <Name>Consolidated Product Category</Name>
            <Description>JPIERE-0629:JPPS</Description>
            <Help/>
            <PrintName>Consolidated Product Category</PrintName>
            <PO_Description/>
            <PO_Help/>
            <PO_Name/>
            <PO_PrintName/>
            <EntityType>JP</EntityType>
            <AD_Element_UU>9f8eaee1-2859-409e-957e-1990cbf51736</AD_Element_UU>
            <Placeholder/>
            <AD_Element_Trl type="translation">
                <Description>JPIERE-0629:JPPS</Description>
                <Help/>
                <Name>連結品目カテゴリ</Name>
                <PO_Description/>
                <PO_Help/>
                <PO_Name/>
                <PO_PrintName/>
                <Placeholder/>
                <PrintName>連結品目カテゴリ</PrintName>
                <AD_Language>ja_JP</AD_Language>
                <IsActive>Y</IsActive>
                <IsTranslated>N</IsTranslated>
            </AD_Element_Trl>
        </AD_Element>
        <AD_Process_Para type="table">
            <AD_Client_ID>0</AD_Client_ID>
            <AD_Org_ID>0</AD_Org_ID>
            <IsActive>Y</IsActive>
            <Name>Consolidated Product Category</Name>
            <Description>JPIERE-0629:JPPS</Description>
            <Help/>
            <AD_Process_ID reference="uuid" reference-key="AD_Process">d81383bd-03d4-467b-98b2-ca8fd9af12af</AD_Process_ID>
            <SeqNo>20</SeqNo>
            <AD_Reference_ID reference="id">30</AD_Reference_ID>
            <AD_Reference_Value_ID reference="id"/>
            <IsRange>N</IsRange>
            <AD_Val_Rule_ID reference="id"/>
            <FieldLength>22</FieldLength>
            <IsMandatory>N</IsMandatory>
            <DefaultValue/>
            <VFormat/>
            <ValueMin/>
            <ValueMax/>
            <ColumnName>JP_CM_ProductCategory_ID</ColumnName>
            <DefaultValue2/>
            <IsCentrallyMaintained>Y</IsCentrallyMaintained>
            <EntityType>JP</EntityType>
            <AD_Element_ID reference="uuid" reference-key="AD_Element">9f8eaee1-2859-409e-957e-1990cbf51736</AD_Element_ID>
            <ReadOnlyLogic/>
            <DisplayLogic/>
            <AD_Process_Para_UU>06301a1f-72e4-4ff5-b851-f31b100f1af1</AD_Process_Para_UU>
            <IsEncrypted>N</IsEncrypted>
            <MandatoryLogic/>
            <Query/>
            <AD_FieldGroup_ID reference="id"/>
            <Placeholder/>
            <Placeholder2/>
            <IsAutocomplete>N</IsAutocomplete>
            <DateRangeOption>D</DateRangeOption>
            <IsShowNegateButton>N</IsShowNegateButton>
            <AD_Process_Para_Trl type="translation">
                <Description>JPIERE-0629:JPPS</Description>
                <Help/>
                <Name>連結品目カテゴリ</Name>
                <Placeholder/>
                <Placeholder2/>
                <AD_Language>ja_JP</AD_Language>
                <IsActive>Y</IsActive>
                <IsTranslated>N</IsTranslated>
            </AD_Process_Para_Trl>
        </AD_Process_Para>
    </AD_Process>
    <AD_Menu type="table">
        <Parent_ID reference="uuid" reference-key="AD_Menu">276eaaec-eebe-4d94-bbfe-a3bcf6dd0e6a</Parent_ID>
        <SeqNo>3</SeqNo>
        <AD_Client_ID>0</AD_Client_ID>
        <AD_Org_ID>0</AD_Org_ID>
        <Name>Consolidated Product Process</Name>
        <Description>JPIERE-0629:JPPS</Description>
        <Action>P</Action>
        <AD_Window_ID reference="id"/>
        <AD_Workflow_ID reference="id"/>
        <AD_Task_ID reference="id"/>
        <IsActive>Y</IsActive>
        <IsSummary>N</IsSummary>
        <AD_Process_ID reference="uuid" reference-key="AD_Process">d81383bd-03d4-467b-98b2-ca8fd9af12af</AD_Process_ID>
        <IsSOTrx>Y</IsSOTrx>
        <AD_Form_ID reference="id"/>
        <IsReadOnly>N</IsReadOnly>
        <EntityType>JP</EntityType>
        <IsCentrallyMaintained>Y</IsCentrallyMaintained>
        <AD_Menu_UU>522a0e29-73d6-4645-87af-e8d6e13a8738</AD_Menu_UU>
        <AD_InfoWindow_ID reference="id"/>
        <PredefinedContextVariables/>
        <AD_Menu_Trl type="translation">
            <Description>JPIERE-0629:JPPS</Description>
            <Name>連結品目マスタプロセス</Name>
            <AD_Language>ja_JP</AD_Language>
            <IsActive>Y</IsActive>
            <IsTranslated>N</IsTranslated>
        </AD_Menu_Trl>
    </AD_Menu>
</idempiere>
