<?xml version="1.0" encoding="UTF-8"?><?xml-stylesheet type="text/css" href="idempiereDocument.css"?><idempiereDocument>
    <header>20241206_JPIERE-0632 Package Description</header>
    <H1>Package Name:</H1>
    <packagename>20241206_JPIERE-0632</packagename>
    <H1>Author:</H1>
    <Name:/>
    <H1>Email Address:</H1>
    <Email/>
    <H1>Created:</H1>
    <Date>2024-12-06 16:02:44.712</Date>
    <H1>Updated:</H1>
    <Date>2024-12-26 12:50:57.923</Date>
    <H1>Description:</H1>
    <description>JPPS-CM: JPIERE-0632 Consolidated Transaction</description>
    <H1>Instructions:</H1>
    <instructions/>
    <H1>Files in Package:</H1>
    <file>File: PackOut.xml</file>
    <filedirectory>Directory: \dict\</filedirectory>
    <filenotes>Notes: Contains all application/object settings for package</filenotes>
    <H1>Client:</H1>
    <Client>0-SYSTEM-System</Client>
</idempiereDocument>
