<?xml version="1.0" encoding="UTF-8"?><idempiere Name="20241024_JPIERE-0624" Version="11" idempiereVersion="" DataBaseVersion="" Description="Info Window for confirming qty on hand per Sales order" Author="" AuthorEmail="" CreatedDate="2024-10-24 20:01:34.741" UpdatedDate="2024-10-24 20:01:34.741" PackOutVersion="100" UpdateDictionary="false" Client="0-SYSTEM-System" AD_Client_UU="11237b53-9592-4af1-b3c5-afd216514b5d">
    <AD_InfoWindow type="table">
        <AD_Client_ID>0</AD_Client_ID>
        <AD_Org_ID>0</AD_Org_ID>
        <IsActive>Y</IsActive>
        <Name>Qty on Hand per Locator</Name>
        <Description>JPIERE-0624:JPCS</Description>
        <Help/>
        <AD_Table_ID reference="id">260</AD_Table_ID>
        <EntityType>JP</EntityType>
        <FromClause>C_OrderLine ol 
        INNER JOIN C_Order o ON (ol.C_Order_ID = o.C_Order_ID)
        INNER JOIN M_Locator loc ON (o.M_Warehouse_ID = loc.M_Warehouse_ID)
        INNER JOIN JP_StorageOnHand_Locator soh ON (ol.M_Product_ID = soh.M_Product_ID AND  loc.M_Locator_ID = soh.M_Locator_ID )</FromClause>
        <OtherClause/>
        <Processing>N</Processing>
        <AD_InfoWindow_UU>fda1db3a-57c7-4a55-90b2-f4c20bf5066f</AD_InfoWindow_UU>
        <WhereClause/>
        <IsDefault>N</IsDefault>
        <IsDistinct>N</IsDistinct>
        <OrderByClause>soh.QtyOnHand DESC, soh.M_Locator_ID</OrderByClause>
        <IsValid>Y</IsValid>
        <AD_CtxHelp_ID reference="id"/>
        <ImageURL/>
        <SeqNo>6240</SeqNo>
        <IsShowInDashboard>N</IsShowInDashboard>
        <MaxQueryRecords>0</MaxQueryRecords>
        <isLoadPageNum>Y</isLoadPageNum>
        <PagingSize>0</PagingSize>
        <AD_Window_ID reference="id"/>
        <PO_Window_ID reference="id"/>
        <AD_InfoWindow_Trl type="translation">
            <Description>JPIERE-0624:JPCS</Description>
            <Help/>
            <Name>保管場所ごとの現在庫数量</Name>
            <AD_Language>ja_JP</AD_Language>
            <IsActive>Y</IsActive>
            <IsTranslated>N</IsTranslated>
        </AD_InfoWindow_Trl>
        <AD_InfoColumn type="table">
            <AD_Client_ID>0</AD_Client_ID>
            <AD_Org_ID>0</AD_Org_ID>
            <IsActive>Y</IsActive>
            <Name>Sales Order Line</Name>
            <Description>Sales Order Line</Description>
            <Help>The Sales Order Line is a unique identifier for a line in an order.</Help>
            <AD_InfoWindow_ID reference="uuid" reference-key="AD_InfoWindow">fda1db3a-57c7-4a55-90b2-f4c20bf5066f</AD_InfoWindow_ID>
            <EntityType>JP</EntityType>
            <SelectClause>ol.C_OrderLine_ID</SelectClause>
            <SeqNo>10</SeqNo>
            <IsDisplayed>Y</IsDisplayed>
            <IsQueryCriteria>Y</IsQueryCriteria>
            <AD_Element_ID reference="id">561</AD_Element_ID>
            <AD_Reference_ID reference="id">30</AD_Reference_ID>
            <AD_InfoColumn_UU>e68433f7-18ed-45ea-8de2-9b0c8ad87d1c</AD_InfoColumn_UU>
            <AD_Reference_Value_ID reference="id"/>
            <AD_Val_Rule_ID reference="id"/>
            <IsCentrallyMaintained>Y</IsCentrallyMaintained>
            <DisplayLogic/>
            <ColumnName>C_OrderLine_ID</ColumnName>
            <QueryOperator>=</QueryOperator>
            <QueryFunction/>
            <IsIdentifier>N</IsIdentifier>
            <SeqNoSelection>10</SeqNoSelection>
            <DefaultValue/>
            <IsMandatory>N</IsMandatory>
            <IsKey>N</IsKey>
            <IsReadOnly>Y</IsReadOnly>
            <Placeholder/>
            <InputFieldValidation/>
            <AD_FieldStyle_ID reference="id"/>
            <IsAutocomplete>N</IsAutocomplete>
            <IsQueryAfterChange>N</IsQueryAfterChange>
            <IsRange>N</IsRange>
            <DefaultValue2/>
            <Placeholder2/>
            <AD_InfoColumn_Trl type="translation">
                <Description/>
                <Help/>
                <Name>受注伝票明細</Name>
                <Placeholder/>
                <Placeholder2/>
                <AD_Language>ja_JP</AD_Language>
                <IsActive>Y</IsActive>
                <IsTranslated>Y</IsTranslated>
            </AD_InfoColumn_Trl>
        </AD_InfoColumn>
        <AD_InfoColumn type="table">
            <AD_Client_ID>0</AD_Client_ID>
            <AD_Org_ID>0</AD_Org_ID>
            <IsActive>Y</IsActive>
            <Name>Org Warehouse</Name>
            <Description>Storage Warehouse and Service Point</Description>
            <Help>The Warehouse identifies a unique Warehouse where products are stored or Services are provided.</Help>
            <AD_InfoWindow_ID reference="uuid" reference-key="AD_InfoWindow">fda1db3a-57c7-4a55-90b2-f4c20bf5066f</AD_InfoWindow_ID>
            <EntityType>JP</EntityType>
            <SelectClause>ol.M_Warehouse_ID</SelectClause>
            <SeqNo>20</SeqNo>
            <IsDisplayed>Y</IsDisplayed>
            <IsQueryCriteria>N</IsQueryCriteria>
            <AD_Element_ID reference="id">459</AD_Element_ID>
            <AD_Reference_ID reference="id">30</AD_Reference_ID>
            <AD_InfoColumn_UU>121fd024-8dc4-4206-90f0-ffa8f2d77631</AD_InfoColumn_UU>
            <AD_Reference_Value_ID reference="id"/>
            <AD_Val_Rule_ID reference="id"/>
            <IsCentrallyMaintained>Y</IsCentrallyMaintained>
            <DisplayLogic/>
            <ColumnName>M_Warehouse_ID</ColumnName>
            <QueryOperator>=</QueryOperator>
            <QueryFunction/>
            <IsIdentifier>N</IsIdentifier>
            <SeqNoSelection>10</SeqNoSelection>
            <DefaultValue/>
            <IsMandatory>N</IsMandatory>
            <IsKey>N</IsKey>
            <IsReadOnly>Y</IsReadOnly>
            <Placeholder/>
            <InputFieldValidation/>
            <AD_FieldStyle_ID reference="id"/>
            <IsAutocomplete>N</IsAutocomplete>
            <IsQueryAfterChange>N</IsQueryAfterChange>
            <IsRange>N</IsRange>
            <DefaultValue2/>
            <Placeholder2/>
            <AD_InfoColumn_Trl type="translation">
                <Description/>
                <Help>JPiereでは、iDempiereの標準機能の”倉庫”は組織(セグメント)毎の在庫を管理するための”組織倉庫”と定義し、地理的に実際に在庫がある場所を管理する”物理倉庫”マスタを追加し、組織倉庫と物理倉庫を地理的に在庫を管理する最小単位である”保管場所”に設定する事で、セグメント別の在庫と地理的な在庫をマトリクス的に管理できるようにしています。</Help>
                <Name>組織倉庫</Name>
                <Placeholder/>
                <Placeholder2/>
                <AD_Language>ja_JP</AD_Language>
                <IsActive>Y</IsActive>
                <IsTranslated>Y</IsTranslated>
            </AD_InfoColumn_Trl>
        </AD_InfoColumn>
        <AD_InfoColumn type="table">
            <AD_Client_ID>0</AD_Client_ID>
            <AD_Org_ID>0</AD_Org_ID>
            <IsActive>Y</IsActive>
            <Name>Locator</Name>
            <Description>Warehouse Locator</Description>
            <Help>The Locator indicates where in a Warehouse a product is located.</Help>
            <AD_InfoWindow_ID reference="uuid" reference-key="AD_InfoWindow">fda1db3a-57c7-4a55-90b2-f4c20bf5066f</AD_InfoWindow_ID>
            <EntityType>JP</EntityType>
            <SelectClause>loc.M_Locator_ID</SelectClause>
            <SeqNo>30</SeqNo>
            <IsDisplayed>Y</IsDisplayed>
            <IsQueryCriteria>N</IsQueryCriteria>
            <AD_Element_ID reference="id">448</AD_Element_ID>
            <AD_Reference_ID reference="id">30</AD_Reference_ID>
            <AD_InfoColumn_UU>c4fa134c-7dba-4b7d-b969-638608b8c030</AD_InfoColumn_UU>
            <AD_Reference_Value_ID reference="id"/>
            <AD_Val_Rule_ID reference="id"/>
            <IsCentrallyMaintained>Y</IsCentrallyMaintained>
            <DisplayLogic/>
            <ColumnName>M_Locator_ID</ColumnName>
            <QueryOperator>=</QueryOperator>
            <QueryFunction/>
            <IsIdentifier>N</IsIdentifier>
            <SeqNoSelection>0</SeqNoSelection>
            <DefaultValue/>
            <IsMandatory>N</IsMandatory>
            <IsKey>N</IsKey>
            <IsReadOnly>Y</IsReadOnly>
            <Placeholder/>
            <InputFieldValidation/>
            <AD_FieldStyle_ID reference="id"/>
            <IsAutocomplete>N</IsAutocomplete>
            <IsQueryAfterChange>N</IsQueryAfterChange>
            <IsRange>N</IsRange>
            <DefaultValue2/>
            <Placeholder2/>
            <AD_InfoColumn_Trl type="translation">
                <Description/>
                <Help/>
                <Name>保管場所</Name>
                <Placeholder/>
                <Placeholder2/>
                <AD_Language>ja_JP</AD_Language>
                <IsActive>Y</IsActive>
                <IsTranslated>Y</IsTranslated>
            </AD_InfoColumn_Trl>
        </AD_InfoColumn>
        <AD_InfoColumn type="table">
            <AD_Client_ID>0</AD_Client_ID>
            <AD_Org_ID>0</AD_Org_ID>
            <IsActive>Y</IsActive>
            <Name>Product</Name>
            <Description>Product, Service, Item</Description>
            <Help>Identifies an item which is either purchased or sold in this organization.</Help>
            <AD_InfoWindow_ID reference="uuid" reference-key="AD_InfoWindow">fda1db3a-57c7-4a55-90b2-f4c20bf5066f</AD_InfoWindow_ID>
            <EntityType>JP</EntityType>
            <SelectClause>ol.M_Product_ID</SelectClause>
            <SeqNo>40</SeqNo>
            <IsDisplayed>Y</IsDisplayed>
            <IsQueryCriteria>N</IsQueryCriteria>
            <AD_Element_ID reference="id">454</AD_Element_ID>
            <AD_Reference_ID reference="id">30</AD_Reference_ID>
            <AD_InfoColumn_UU>5f544f72-816f-4875-ae20-a388c76be828</AD_InfoColumn_UU>
            <AD_Reference_Value_ID reference="id"/>
            <AD_Val_Rule_ID reference="id"/>
            <IsCentrallyMaintained>Y</IsCentrallyMaintained>
            <DisplayLogic/>
            <ColumnName>M_Product_ID</ColumnName>
            <QueryOperator>=</QueryOperator>
            <QueryFunction/>
            <IsIdentifier>N</IsIdentifier>
            <SeqNoSelection>0</SeqNoSelection>
            <DefaultValue/>
            <IsMandatory>N</IsMandatory>
            <IsKey>N</IsKey>
            <IsReadOnly>Y</IsReadOnly>
            <Placeholder/>
            <InputFieldValidation/>
            <AD_FieldStyle_ID reference="id"/>
            <IsAutocomplete>N</IsAutocomplete>
            <IsQueryAfterChange>N</IsQueryAfterChange>
            <IsRange>N</IsRange>
            <DefaultValue2/>
            <Placeholder2/>
            <AD_InfoColumn_Trl type="translation">
                <Description/>
                <Help/>
                <Name>品目</Name>
                <Placeholder/>
                <Placeholder2/>
                <AD_Language>ja_JP</AD_Language>
                <IsActive>Y</IsActive>
                <IsTranslated>Y</IsTranslated>
            </AD_InfoColumn_Trl>
        </AD_InfoColumn>
        <AD_InfoColumn type="table">
            <AD_Client_ID>0</AD_Client_ID>
            <AD_Org_ID>0</AD_Org_ID>
            <IsActive>Y</IsActive>
            <Name>On Hand Quantity</Name>
            <Description>On Hand Quantity</Description>
            <Help>The On Hand Quantity indicates the quantity of a product that is on hand in a warehouse.</Help>
            <AD_InfoWindow_ID reference="uuid" reference-key="AD_InfoWindow">fda1db3a-57c7-4a55-90b2-f4c20bf5066f</AD_InfoWindow_ID>
            <EntityType>JP</EntityType>
            <SelectClause>soh.QtyOnHand</SelectClause>
            <SeqNo>50</SeqNo>
            <IsDisplayed>Y</IsDisplayed>
            <IsQueryCriteria>N</IsQueryCriteria>
            <AD_Element_ID reference="id">530</AD_Element_ID>
            <AD_Reference_ID reference="id">29</AD_Reference_ID>
            <AD_InfoColumn_UU>d1405240-ee03-42b9-8b35-9db3025ad68f</AD_InfoColumn_UU>
            <AD_Reference_Value_ID reference="id"/>
            <AD_Val_Rule_ID reference="id"/>
            <IsCentrallyMaintained>Y</IsCentrallyMaintained>
            <DisplayLogic/>
            <ColumnName>QtyOnHand</ColumnName>
            <QueryOperator/>
            <QueryFunction/>
            <IsIdentifier>N</IsIdentifier>
            <SeqNoSelection>0</SeqNoSelection>
            <DefaultValue/>
            <IsMandatory>N</IsMandatory>
            <IsKey>N</IsKey>
            <IsReadOnly>Y</IsReadOnly>
            <Placeholder/>
            <InputFieldValidation/>
            <AD_FieldStyle_ID reference="id"/>
            <IsAutocomplete>N</IsAutocomplete>
            <IsQueryAfterChange>N</IsQueryAfterChange>
            <IsRange>N</IsRange>
            <DefaultValue2/>
            <Placeholder2/>
            <AD_InfoColumn_Trl type="translation">
                <Description/>
                <Help/>
                <Name>手持在庫数量</Name>
                <Placeholder/>
                <Placeholder2/>
                <AD_Language>ja_JP</AD_Language>
                <IsActive>Y</IsActive>
                <IsTranslated>Y</IsTranslated>
            </AD_InfoColumn_Trl>
        </AD_InfoColumn>
    </AD_InfoWindow>
    <AD_Element type="table">
        <AD_Client_ID>0</AD_Client_ID>
        <AD_Org_ID>0</AD_Org_ID>
        <IsActive>Y</IsActive>
        <ColumnName>JP_QtyAvailableWH</ColumnName>
        <Name>Available Quantity of Warehouse</Name>
        <Description>Available Quantity (On Hand - Reserved)</Description>
        <Help>Quantity available to promise = On Hand minus Reserved Quantity</Help>
        <PrintName>Qty Available of Warehouse</PrintName>
        <PO_Description/>
        <PO_Help/>
        <PO_Name/>
        <PO_PrintName/>
        <EntityType>JP</EntityType>
        <AD_Element_UU>ace8e52a-be89-4a53-99cd-0332a1437aa5</AD_Element_UU>
        <Placeholder/>
        <AD_Element_Trl type="translation">
            <Description>利用可能数量(倉庫計)</Description>
            <Help>利用可能数量(倉庫計)</Help>
            <Name>利用可能数量(倉庫計)</Name>
            <PO_Description/>
            <PO_Help/>
            <PO_Name/>
            <PO_PrintName/>
            <Placeholder/>
            <PrintName>利用可能数量(倉庫計)</PrintName>
            <AD_Language>ja_JP</AD_Language>
            <IsActive>Y</IsActive>
            <IsTranslated>N</IsTranslated>
        </AD_Element_Trl>
    </AD_Element>
    <AD_Element type="table">
        <AD_Client_ID>0</AD_Client_ID>
        <AD_Org_ID>0</AD_Org_ID>
        <IsActive>Y</IsActive>
        <ColumnName>JP_QtyOnHandWH</ColumnName>
        <Name>On Hand Quantity of Warehouse</Name>
        <Description>On Hand Quantity</Description>
        <Help>The On Hand Quantity indicates the quantity of a product that is on hand in a warehouse.</Help>
        <PrintName>On Hand Qty of Warehouse</PrintName>
        <PO_Description/>
        <PO_Help/>
        <PO_Name/>
        <PO_PrintName/>
        <EntityType>JP</EntityType>
        <AD_Element_UU>1921ea85-983c-4498-ac2a-bfb0cbbe807c</AD_Element_UU>
        <Placeholder/>
        <AD_Element_Trl type="translation">
            <Description>手持在庫数量(倉庫計)</Description>
            <Help>手持在庫数量(倉庫計)</Help>
            <Name>手持在庫数量(倉庫計)</Name>
            <PO_Description/>
            <PO_Help/>
            <PO_Name/>
            <PO_PrintName/>
            <Placeholder/>
            <PrintName>手持在庫数量(倉庫計)</PrintName>
            <AD_Language>ja_JP</AD_Language>
            <IsActive>Y</IsActive>
            <IsTranslated>N</IsTranslated>
        </AD_Element_Trl>
    </AD_Element>
    <AD_Element type="table">
        <AD_Client_ID>0</AD_Client_ID>
        <AD_Org_ID>0</AD_Org_ID>
        <IsActive>Y</IsActive>
        <ColumnName>JP_QtyReservedWH</ColumnName>
        <Name>Reserved Qty of Warehouse</Name>
        <Description>Reserved Quantity</Description>
        <Help>The Reserved Quantity indicates the quantity of a product that is currently reserved.</Help>
        <PrintName>Reserved Qty of Warehouse</PrintName>
        <PO_Description>Quantity Ordered on Purchase Orders</PO_Description>
        <PO_Help>The Ordered Quantity indicates the quantity of a product that is currently ordered.</PO_Help>
        <PO_Name>On Order Quantity of Warehouse</PO_Name>
        <PO_PrintName>On Order Quantity of Warehouse</PO_PrintName>
        <EntityType>JP</EntityType>
        <AD_Element_UU>91446cfd-cab7-418a-94a0-9ffc1536729e</AD_Element_UU>
        <Placeholder/>
        <AD_Element_Trl type="translation">
            <Description>引当数量(倉庫計)</Description>
            <Help>引当数量(倉庫計)</Help>
            <Name>引当数量(倉庫計)</Name>
            <PO_Description>未入荷発注数量(倉庫計)</PO_Description>
            <PO_Help>未入荷発注数量(倉庫計)</PO_Help>
            <PO_Name>未入荷発注数量(倉庫計)</PO_Name>
            <PO_PrintName>未入荷発注数量(倉庫計)</PO_PrintName>
            <Placeholder/>
            <PrintName>引当数量(倉庫計)</PrintName>
            <AD_Language>ja_JP</AD_Language>
            <IsActive>Y</IsActive>
            <IsTranslated>N</IsTranslated>
        </AD_Element_Trl>
    </AD_Element>
    <AD_Element type="table">
        <AD_Client_ID>0</AD_Client_ID>
        <AD_Org_ID>0</AD_Org_ID>
        <IsActive>Y</IsActive>
        <ColumnName>JP_QtyOrderedWH</ColumnName>
        <Name>Ordered Qty of Warehouse</Name>
        <Description>Ordered Quantity</Description>
        <Help>The Ordered Quantity indicates the quantity of a product that was ordered.</Help>
        <PrintName>Ordered Qty of Warehouse</PrintName>
        <PO_Description>Ordered Quantity</PO_Description>
        <PO_Help>The Ordered Quantity indicates the quantity of a product that was ordered.</PO_Help>
        <PO_Name>PO Quantity of Warehouse</PO_Name>
        <PO_PrintName>PO Quantity of Warehouse</PO_PrintName>
        <EntityType>JP</EntityType>
        <AD_Element_UU>b59f93ea-efc6-438a-8b21-80b00bbc539d</AD_Element_UU>
        <Placeholder/>
        <AD_Element_Trl type="translation">
            <Description>注文数量(倉庫計)</Description>
            <Help>注文数量(倉庫計)</Help>
            <Name>注文数量(倉庫計)</Name>
            <PO_Description>発注数量(倉庫計)</PO_Description>
            <PO_Help>発注数量(倉庫計)</PO_Help>
            <PO_Name>発注数量(倉庫計)</PO_Name>
            <PO_PrintName>発注数量(倉庫計)</PO_PrintName>
            <Placeholder/>
            <PrintName>注文数量(倉庫計)</PrintName>
            <AD_Language>ja_JP</AD_Language>
            <IsActive>Y</IsActive>
            <IsTranslated>N</IsTranslated>
        </AD_Element_Trl>
    </AD_Element>
    <AD_InfoWindow type="table">
        <AD_Client_ID>0</AD_Client_ID>
        <AD_Org_ID>0</AD_Org_ID>
        <IsActive>Y</IsActive>
        <Name>Storage On Hand of Sales Order - Org Warehouse Level</Name>
        <Description>JPIERE-0624:JPCS</Description>
        <Help/>
        <AD_Table_ID reference="id">259</AD_Table_ID>
        <EntityType>JP</EntityType>
        <FromClause>C_Order o
        INNER JOIN C_OrderLine ol ON (o.C_Order_ID = ol.C_Order_ID)
        LEFT OUTER  JOIN JP_StorageOnHand_OrgWH soh ON (o.M_Warehouse_ID = soh.M_Warehouse_ID AND ol.M_Product_ID = soh.M_Product_ID)</FromClause>
        <OtherClause/>
        <Processing>N</Processing>
        <AD_InfoWindow_UU>a9688a53-913c-4819-9d22-86d8553cdad3</AD_InfoWindow_UU>
        <WhereClause>o.IsSOTrx='Y'</WhereClause>
        <IsDefault>N</IsDefault>
        <IsDistinct>N</IsDistinct>
        <OrderByClause>ol.Line</OrderByClause>
        <IsValid>Y</IsValid>
        <AD_CtxHelp_ID reference="id"/>
        <ImageURL/>
        <SeqNo>6241</SeqNo>
        <IsShowInDashboard>N</IsShowInDashboard>
        <MaxQueryRecords>0</MaxQueryRecords>
        <isLoadPageNum>Y</isLoadPageNum>
        <PagingSize>0</PagingSize>
        <AD_Window_ID reference="id"/>
        <PO_Window_ID reference="id"/>
        <AD_InfoWindow_Trl type="translation">
            <Description>JPIERE-0624:JPCS</Description>
            <Help/>
            <Name>受注伝票の現在庫数量確認 - 組織倉庫レベル</Name>
            <AD_Language>ja_JP</AD_Language>
            <IsActive>Y</IsActive>
            <IsTranslated>N</IsTranslated>
        </AD_InfoWindow_Trl>
        <AD_InfoColumn type="table">
            <AD_Client_ID>0</AD_Client_ID>
            <AD_Org_ID>0</AD_Org_ID>
            <IsActive>Y</IsActive>
            <Name>Ordered Qty of Warehouse</Name>
            <Description>Ordered Quantity</Description>
            <Help>The Ordered Quantity indicates the quantity of a product that was ordered.</Help>
            <AD_InfoWindow_ID reference="uuid" reference-key="AD_InfoWindow">a9688a53-913c-4819-9d22-86d8553cdad3</AD_InfoWindow_ID>
            <EntityType>JP</EntityType>
            <SelectClause>bomQtyOrdered(ol.M_Product_ID, o.M_Warehouse_ID,0) AS JP_QtyOrderedWH</SelectClause>
            <SeqNo>110</SeqNo>
            <IsDisplayed>Y</IsDisplayed>
            <IsQueryCriteria>N</IsQueryCriteria>
            <AD_Element_ID reference="uuid" reference-key="AD_Element">b59f93ea-efc6-438a-8b21-80b00bbc539d</AD_Element_ID>
            <AD_Reference_ID reference="id">29</AD_Reference_ID>
            <AD_InfoColumn_UU>c75ffa7b-5ccd-4e51-b814-db9288330201</AD_InfoColumn_UU>
            <AD_Reference_Value_ID reference="id"/>
            <AD_Val_Rule_ID reference="id"/>
            <IsCentrallyMaintained>N</IsCentrallyMaintained>
            <DisplayLogic/>
            <ColumnName>JP_QtyOrderedWH</ColumnName>
            <QueryOperator>=</QueryOperator>
            <QueryFunction/>
            <IsIdentifier>N</IsIdentifier>
            <SeqNoSelection>0</SeqNoSelection>
            <DefaultValue/>
            <IsMandatory>N</IsMandatory>
            <IsKey>N</IsKey>
            <IsReadOnly>Y</IsReadOnly>
            <Placeholder/>
            <InputFieldValidation/>
            <AD_FieldStyle_ID reference="id"/>
            <IsAutocomplete>N</IsAutocomplete>
            <IsQueryAfterChange>N</IsQueryAfterChange>
            <IsRange>N</IsRange>
            <DefaultValue2/>
            <Placeholder2/>
            <AD_InfoColumn_Trl type="translation">
                <Description>発注数量(倉庫計)</Description>
                <Help>発注数量(倉庫計)</Help>
                <Name>発注数量(倉庫計)</Name>
                <Placeholder/>
                <Placeholder2/>
                <AD_Language>ja_JP</AD_Language>
                <IsActive>Y</IsActive>
                <IsTranslated>N</IsTranslated>
            </AD_InfoColumn_Trl>
        </AD_InfoColumn>
        <AD_InfoColumn type="table">
            <AD_Client_ID>0</AD_Client_ID>
            <AD_Org_ID>0</AD_Org_ID>
            <IsActive>Y</IsActive>
            <Name>Order</Name>
            <Description>Order</Description>
            <Help>The Order is a control document.  The  Order is complete when the quantity ordered is the same as the quantity shipped and invoiced.  When you close an order, unshipped (backordered) quantities are cancelled.</Help>
            <AD_InfoWindow_ID reference="uuid" reference-key="AD_InfoWindow">a9688a53-913c-4819-9d22-86d8553cdad3</AD_InfoWindow_ID>
            <EntityType>JP</EntityType>
            <SelectClause>o.C_Order_ID</SelectClause>
            <SeqNo>10</SeqNo>
            <IsDisplayed>N</IsDisplayed>
            <IsQueryCriteria>Y</IsQueryCriteria>
            <AD_Element_ID reference="id">558</AD_Element_ID>
            <AD_Reference_ID reference="id">30</AD_Reference_ID>
            <AD_InfoColumn_UU>1581aadc-cca3-49d7-beb1-cbeca8a6dbcc</AD_InfoColumn_UU>
            <AD_Reference_Value_ID reference="uuid" reference-key="AD_Reference">8d4f9bd9-ca2e-45b0-bedd-83f1a2673caf</AD_Reference_Value_ID>
            <AD_Val_Rule_ID reference="id"/>
            <IsCentrallyMaintained>Y</IsCentrallyMaintained>
            <DisplayLogic/>
            <ColumnName>C_Order_ID</ColumnName>
            <QueryOperator>=</QueryOperator>
            <QueryFunction/>
            <IsIdentifier>N</IsIdentifier>
            <SeqNoSelection>10</SeqNoSelection>
            <DefaultValue/>
            <IsMandatory>Y</IsMandatory>
            <IsKey>N</IsKey>
            <IsReadOnly>Y</IsReadOnly>
            <Placeholder/>
            <InputFieldValidation/>
            <AD_FieldStyle_ID reference="id"/>
            <IsAutocomplete>N</IsAutocomplete>
            <IsQueryAfterChange>Y</IsQueryAfterChange>
            <IsRange>N</IsRange>
            <DefaultValue2/>
            <Placeholder2/>
            <AD_InfoColumn_Trl type="translation">
                <Description/>
                <Help/>
                <Name>受注伝票</Name>
                <Placeholder/>
                <Placeholder2/>
                <AD_Language>ja_JP</AD_Language>
                <IsActive>Y</IsActive>
                <IsTranslated>Y</IsTranslated>
            </AD_InfoColumn_Trl>
        </AD_InfoColumn>
        <AD_InfoColumn type="table">
            <AD_Client_ID>0</AD_Client_ID>
            <AD_Org_ID>0</AD_Org_ID>
            <IsActive>Y</IsActive>
            <Name>Sales Order Line</Name>
            <Description>Sales Order Line</Description>
            <Help>The Sales Order Line is a unique identifier for a line in an order.</Help>
            <AD_InfoWindow_ID reference="uuid" reference-key="AD_InfoWindow">a9688a53-913c-4819-9d22-86d8553cdad3</AD_InfoWindow_ID>
            <EntityType>JP</EntityType>
            <SelectClause>ol.C_OrderLine_ID</SelectClause>
            <SeqNo>20</SeqNo>
            <IsDisplayed>Y</IsDisplayed>
            <IsQueryCriteria>N</IsQueryCriteria>
            <AD_Element_ID reference="id">561</AD_Element_ID>
            <AD_Reference_ID reference="id">30</AD_Reference_ID>
            <AD_InfoColumn_UU>ada4d940-74bb-44df-a547-3119b3294fe5</AD_InfoColumn_UU>
            <AD_Reference_Value_ID reference="id"/>
            <AD_Val_Rule_ID reference="id"/>
            <IsCentrallyMaintained>Y</IsCentrallyMaintained>
            <DisplayLogic/>
            <ColumnName>C_OrderLine_ID</ColumnName>
            <QueryOperator>=</QueryOperator>
            <QueryFunction/>
            <IsIdentifier>N</IsIdentifier>
            <SeqNoSelection>0</SeqNoSelection>
            <DefaultValue/>
            <IsMandatory>N</IsMandatory>
            <IsKey>N</IsKey>
            <IsReadOnly>Y</IsReadOnly>
            <Placeholder/>
            <InputFieldValidation/>
            <AD_FieldStyle_ID reference="id"/>
            <IsAutocomplete>N</IsAutocomplete>
            <IsQueryAfterChange>N</IsQueryAfterChange>
            <IsRange>N</IsRange>
            <DefaultValue2/>
            <Placeholder2/>
            <AD_InfoColumn_Trl type="translation">
                <Description/>
                <Help/>
                <Name>受注伝票明細</Name>
                <Placeholder/>
                <Placeholder2/>
                <AD_Language>ja_JP</AD_Language>
                <IsActive>Y</IsActive>
                <IsTranslated>Y</IsTranslated>
            </AD_InfoColumn_Trl>
        </AD_InfoColumn>
        <AD_InfoColumn type="table">
            <AD_Client_ID>0</AD_Client_ID>
            <AD_Org_ID>0</AD_Org_ID>
            <IsActive>Y</IsActive>
            <Name>Product</Name>
            <Description>Product, Service, Item</Description>
            <Help>Identifies an item which is either purchased or sold in this organization.</Help>
            <AD_InfoWindow_ID reference="uuid" reference-key="AD_InfoWindow">a9688a53-913c-4819-9d22-86d8553cdad3</AD_InfoWindow_ID>
            <EntityType>JP</EntityType>
            <SelectClause>ol.M_Product_ID</SelectClause>
            <SeqNo>30</SeqNo>
            <IsDisplayed>Y</IsDisplayed>
            <IsQueryCriteria>N</IsQueryCriteria>
            <AD_Element_ID reference="id">454</AD_Element_ID>
            <AD_Reference_ID reference="id">30</AD_Reference_ID>
            <AD_InfoColumn_UU>87e5ff5f-1f0e-46ae-b795-1bfa9690f04b</AD_InfoColumn_UU>
            <AD_Reference_Value_ID reference="id"/>
            <AD_Val_Rule_ID reference="id"/>
            <IsCentrallyMaintained>Y</IsCentrallyMaintained>
            <DisplayLogic/>
            <ColumnName>M_Product_ID</ColumnName>
            <QueryOperator>=</QueryOperator>
            <QueryFunction/>
            <IsIdentifier>N</IsIdentifier>
            <SeqNoSelection>20</SeqNoSelection>
            <DefaultValue/>
            <IsMandatory>N</IsMandatory>
            <IsKey>N</IsKey>
            <IsReadOnly>Y</IsReadOnly>
            <Placeholder/>
            <InputFieldValidation/>
            <AD_FieldStyle_ID reference="id"/>
            <IsAutocomplete>N</IsAutocomplete>
            <IsQueryAfterChange>N</IsQueryAfterChange>
            <IsRange>N</IsRange>
            <DefaultValue2/>
            <Placeholder2/>
            <AD_InfoColumn_Trl type="translation">
                <Description/>
                <Help/>
                <Name>品目</Name>
                <Placeholder/>
                <Placeholder2/>
                <AD_Language>ja_JP</AD_Language>
                <IsActive>Y</IsActive>
                <IsTranslated>Y</IsTranslated>
            </AD_InfoColumn_Trl>
        </AD_InfoColumn>
        <AD_InfoColumn type="table">
            <AD_Client_ID>0</AD_Client_ID>
            <AD_Org_ID>0</AD_Org_ID>
            <IsActive>Y</IsActive>
            <Name>Ordered Qty</Name>
            <Description>Ordered Quantity</Description>
            <Help>The Ordered Quantity indicates the quantity of a product that was ordered.</Help>
            <AD_InfoWindow_ID reference="uuid" reference-key="AD_InfoWindow">a9688a53-913c-4819-9d22-86d8553cdad3</AD_InfoWindow_ID>
            <EntityType>JP</EntityType>
            <SelectClause>ol.QtyOrdered</SelectClause>
            <SeqNo>40</SeqNo>
            <IsDisplayed>Y</IsDisplayed>
            <IsQueryCriteria>N</IsQueryCriteria>
            <AD_Element_ID reference="id">531</AD_Element_ID>
            <AD_Reference_ID reference="id">29</AD_Reference_ID>
            <AD_InfoColumn_UU>ace1983c-42be-4a30-ac3d-a76051410ddd</AD_InfoColumn_UU>
            <AD_Reference_Value_ID reference="id"/>
            <AD_Val_Rule_ID reference="id"/>
            <IsCentrallyMaintained>Y</IsCentrallyMaintained>
            <DisplayLogic/>
            <ColumnName>QtyOrdered</ColumnName>
            <QueryOperator/>
            <QueryFunction/>
            <IsIdentifier>N</IsIdentifier>
            <SeqNoSelection>0</SeqNoSelection>
            <DefaultValue/>
            <IsMandatory>N</IsMandatory>
            <IsKey>N</IsKey>
            <IsReadOnly>Y</IsReadOnly>
            <Placeholder/>
            <InputFieldValidation/>
            <AD_FieldStyle_ID reference="id"/>
            <IsAutocomplete>N</IsAutocomplete>
            <IsQueryAfterChange>N</IsQueryAfterChange>
            <IsRange>N</IsRange>
            <DefaultValue2/>
            <Placeholder2/>
            <AD_InfoColumn_Trl type="translation">
                <Description>受注した数量です。入力数量×数量単位の入り数になります。</Description>
                <Help/>
                <Name>注文数量</Name>
                <Placeholder/>
                <Placeholder2/>
                <AD_Language>ja_JP</AD_Language>
                <IsActive>Y</IsActive>
                <IsTranslated>Y</IsTranslated>
            </AD_InfoColumn_Trl>
        </AD_InfoColumn>
        <AD_InfoColumn type="table">
            <AD_Client_ID>0</AD_Client_ID>
            <AD_Org_ID>0</AD_Org_ID>
            <IsActive>Y</IsActive>
            <Name>Reserved Qty</Name>
            <Description>Reserved Quantity</Description>
            <Help>The Reserved Quantity indicates the quantity of a product that is currently reserved.</Help>
            <AD_InfoWindow_ID reference="uuid" reference-key="AD_InfoWindow">a9688a53-913c-4819-9d22-86d8553cdad3</AD_InfoWindow_ID>
            <EntityType>JP</EntityType>
            <SelectClause>ol.QtyReserved</SelectClause>
            <SeqNo>50</SeqNo>
            <IsDisplayed>Y</IsDisplayed>
            <IsQueryCriteria>N</IsQueryCriteria>
            <AD_Element_ID reference="id">532</AD_Element_ID>
            <AD_Reference_ID reference="id">29</AD_Reference_ID>
            <AD_InfoColumn_UU>165b28c3-ac06-4a3c-88e7-96ce429a562b</AD_InfoColumn_UU>
            <AD_Reference_Value_ID reference="id"/>
            <AD_Val_Rule_ID reference="id"/>
            <IsCentrallyMaintained>Y</IsCentrallyMaintained>
            <DisplayLogic/>
            <ColumnName>QtyReserved</ColumnName>
            <QueryOperator/>
            <QueryFunction/>
            <IsIdentifier>N</IsIdentifier>
            <SeqNoSelection>0</SeqNoSelection>
            <DefaultValue/>
            <IsMandatory>N</IsMandatory>
            <IsKey>N</IsKey>
            <IsReadOnly>Y</IsReadOnly>
            <Placeholder/>
            <InputFieldValidation/>
            <AD_FieldStyle_ID reference="id"/>
            <IsAutocomplete>N</IsAutocomplete>
            <IsQueryAfterChange>N</IsQueryAfterChange>
            <IsRange>N</IsRange>
            <DefaultValue2/>
            <Placeholder2/>
            <AD_InfoColumn_Trl type="translation">
                <Description>引当数量は、在庫の引き当てをしている数量です。</Description>
                <Help/>
                <Name>引当数量</Name>
                <Placeholder/>
                <Placeholder2/>
                <AD_Language>ja_JP</AD_Language>
                <IsActive>Y</IsActive>
                <IsTranslated>Y</IsTranslated>
            </AD_InfoColumn_Trl>
        </AD_InfoColumn>
        <AD_InfoColumn type="table">
            <AD_Client_ID>0</AD_Client_ID>
            <AD_Org_ID>0</AD_Org_ID>
            <IsActive>Y</IsActive>
            <Name>Delivered Qty</Name>
            <Description>Delivered Quantity</Description>
            <Help>The Delivered Quantity indicates the quantity of a product that has been delivered.</Help>
            <AD_InfoWindow_ID reference="uuid" reference-key="AD_InfoWindow">a9688a53-913c-4819-9d22-86d8553cdad3</AD_InfoWindow_ID>
            <EntityType>JP</EntityType>
            <SelectClause>ol.QtyDelivered</SelectClause>
            <SeqNo>60</SeqNo>
            <IsDisplayed>Y</IsDisplayed>
            <IsQueryCriteria>N</IsQueryCriteria>
            <AD_Element_ID reference="id">528</AD_Element_ID>
            <AD_Reference_ID reference="id">29</AD_Reference_ID>
            <AD_InfoColumn_UU>2ac7c256-ceb4-470d-bb99-5b9b100bc852</AD_InfoColumn_UU>
            <AD_Reference_Value_ID reference="id"/>
            <AD_Val_Rule_ID reference="id"/>
            <IsCentrallyMaintained>Y</IsCentrallyMaintained>
            <DisplayLogic/>
            <ColumnName>QtyDelivered</ColumnName>
            <QueryOperator/>
            <QueryFunction/>
            <IsIdentifier>N</IsIdentifier>
            <SeqNoSelection>0</SeqNoSelection>
            <DefaultValue/>
            <IsMandatory>N</IsMandatory>
            <IsKey>N</IsKey>
            <IsReadOnly>Y</IsReadOnly>
            <Placeholder/>
            <InputFieldValidation/>
            <AD_FieldStyle_ID reference="id"/>
            <IsAutocomplete>N</IsAutocomplete>
            <IsQueryAfterChange>N</IsQueryAfterChange>
            <IsRange>N</IsRange>
            <DefaultValue2/>
            <Placeholder2/>
            <AD_InfoColumn_Trl type="translation">
                <Description>出荷済みの数量です。</Description>
                <Help/>
                <Name>出荷済数量</Name>
                <Placeholder/>
                <Placeholder2/>
                <AD_Language>ja_JP</AD_Language>
                <IsActive>Y</IsActive>
                <IsTranslated>Y</IsTranslated>
            </AD_InfoColumn_Trl>
        </AD_InfoColumn>
        <AD_InfoColumn type="table">
            <AD_Client_ID>0</AD_Client_ID>
            <AD_Org_ID>0</AD_Org_ID>
            <IsActive>Y</IsActive>
            <Name>Org Warehouse</Name>
            <Description>Storage Warehouse and Service Point</Description>
            <Help>The Warehouse identifies a unique Warehouse where products are stored or Services are provided.</Help>
            <AD_InfoWindow_ID reference="uuid" reference-key="AD_InfoWindow">a9688a53-913c-4819-9d22-86d8553cdad3</AD_InfoWindow_ID>
            <EntityType>JP</EntityType>
            <SelectClause>o.M_Warehouse_ID</SelectClause>
            <SeqNo>70</SeqNo>
            <IsDisplayed>Y</IsDisplayed>
            <IsQueryCriteria>N</IsQueryCriteria>
            <AD_Element_ID reference="id">459</AD_Element_ID>
            <AD_Reference_ID reference="id">30</AD_Reference_ID>
            <AD_InfoColumn_UU>07b871bf-1605-4097-a05a-23d7e5dcf9b6</AD_InfoColumn_UU>
            <AD_Reference_Value_ID reference="id"/>
            <AD_Val_Rule_ID reference="id"/>
            <IsCentrallyMaintained>Y</IsCentrallyMaintained>
            <DisplayLogic/>
            <ColumnName>M_Warehouse_ID</ColumnName>
            <QueryOperator>=</QueryOperator>
            <QueryFunction/>
            <IsIdentifier>N</IsIdentifier>
            <SeqNoSelection>0</SeqNoSelection>
            <DefaultValue/>
            <IsMandatory>N</IsMandatory>
            <IsKey>N</IsKey>
            <IsReadOnly>Y</IsReadOnly>
            <Placeholder/>
            <InputFieldValidation/>
            <AD_FieldStyle_ID reference="id"/>
            <IsAutocomplete>N</IsAutocomplete>
            <IsQueryAfterChange>N</IsQueryAfterChange>
            <IsRange>N</IsRange>
            <DefaultValue2/>
            <Placeholder2/>
            <AD_InfoColumn_Trl type="translation">
                <Description/>
                <Help>JPiereでは、iDempiereの標準機能の”倉庫”は組織(セグメント)毎の在庫を管理するための”組織倉庫”と定義し、地理的に実際に在庫がある場所を管理する”物理倉庫”マスタを追加し、組織倉庫と物理倉庫を地理的に在庫を管理する最小単位である”保管場所”に設定する事で、セグメント別の在庫と地理的な在庫をマトリクス的に管理できるようにしています。</Help>
                <Name>組織倉庫</Name>
                <Placeholder/>
                <Placeholder2/>
                <AD_Language>ja_JP</AD_Language>
                <IsActive>Y</IsActive>
                <IsTranslated>Y</IsTranslated>
            </AD_InfoColumn_Trl>
        </AD_InfoColumn>
        <AD_InfoColumn type="table">
            <AD_Client_ID>0</AD_Client_ID>
            <AD_Org_ID>0</AD_Org_ID>
            <IsActive>Y</IsActive>
            <Name>Available Quantity of Warehouse</Name>
            <Description>Available Quantity (On Hand - Reserved)</Description>
            <Help>Quantity available to promise = On Hand minus Reserved Quantity</Help>
            <AD_InfoWindow_ID reference="uuid" reference-key="AD_InfoWindow">a9688a53-913c-4819-9d22-86d8553cdad3</AD_InfoWindow_ID>
            <EntityType>JP</EntityType>
            <SelectClause>bomQtyAvailable(ol.M_Product_ID,o.M_Warehouse_ID,99999) AS JP_QtyAvailableWH</SelectClause>
            <SeqNo>80</SeqNo>
            <IsDisplayed>Y</IsDisplayed>
            <IsQueryCriteria>N</IsQueryCriteria>
            <AD_Element_ID reference="uuid" reference-key="AD_Element">ace8e52a-be89-4a53-99cd-0332a1437aa5</AD_Element_ID>
            <AD_Reference_ID reference="id">29</AD_Reference_ID>
            <AD_InfoColumn_UU>f921742b-883f-4f52-ac82-04a5657581d0</AD_InfoColumn_UU>
            <AD_Reference_Value_ID reference="id"/>
            <AD_Val_Rule_ID reference="id"/>
            <IsCentrallyMaintained>Y</IsCentrallyMaintained>
            <DisplayLogic/>
            <ColumnName>JP_QtyAvailableWH</ColumnName>
            <QueryOperator>=</QueryOperator>
            <QueryFunction/>
            <IsIdentifier>N</IsIdentifier>
            <SeqNoSelection>0</SeqNoSelection>
            <DefaultValue/>
            <IsMandatory>N</IsMandatory>
            <IsKey>N</IsKey>
            <IsReadOnly>Y</IsReadOnly>
            <Placeholder/>
            <InputFieldValidation/>
            <AD_FieldStyle_ID reference="id"/>
            <IsAutocomplete>N</IsAutocomplete>
            <IsQueryAfterChange>N</IsQueryAfterChange>
            <IsRange>N</IsRange>
            <DefaultValue2/>
            <Placeholder2/>
            <AD_InfoColumn_Trl type="translation">
                <Description>利用可能数量(倉庫計)</Description>
                <Help>利用可能数量(倉庫計)</Help>
                <Name>利用可能数量(倉庫計)</Name>
                <Placeholder/>
                <Placeholder2/>
                <AD_Language>ja_JP</AD_Language>
                <IsActive>Y</IsActive>
                <IsTranslated>N</IsTranslated>
            </AD_InfoColumn_Trl>
        </AD_InfoColumn>
        <AD_InfoColumn type="table">
            <AD_Client_ID>0</AD_Client_ID>
            <AD_Org_ID>0</AD_Org_ID>
            <IsActive>Y</IsActive>
            <Name>On Hand Quantity of Warehouse</Name>
            <Description>On Hand Quantity</Description>
            <Help>The On Hand Quantity indicates the quantity of a product that is on hand in a warehouse.</Help>
            <AD_InfoWindow_ID reference="uuid" reference-key="AD_InfoWindow">a9688a53-913c-4819-9d22-86d8553cdad3</AD_InfoWindow_ID>
            <EntityType>JP</EntityType>
            <SelectClause>coalesce(soh.qtyonhand,99999) AS JP_QtyOnHandWH</SelectClause>
            <SeqNo>90</SeqNo>
            <IsDisplayed>Y</IsDisplayed>
            <IsQueryCriteria>N</IsQueryCriteria>
            <AD_Element_ID reference="uuid" reference-key="AD_Element">1921ea85-983c-4498-ac2a-bfb0cbbe807c</AD_Element_ID>
            <AD_Reference_ID reference="id">29</AD_Reference_ID>
            <AD_InfoColumn_UU>c1e18140-af6d-4518-a077-8dd051516c4b</AD_InfoColumn_UU>
            <AD_Reference_Value_ID reference="id"/>
            <AD_Val_Rule_ID reference="id"/>
            <IsCentrallyMaintained>Y</IsCentrallyMaintained>
            <DisplayLogic/>
            <ColumnName>JP_QtyOnHandWH</ColumnName>
            <QueryOperator>=</QueryOperator>
            <QueryFunction/>
            <IsIdentifier>N</IsIdentifier>
            <SeqNoSelection>0</SeqNoSelection>
            <DefaultValue/>
            <IsMandatory>N</IsMandatory>
            <IsKey>N</IsKey>
            <IsReadOnly>Y</IsReadOnly>
            <Placeholder/>
            <InputFieldValidation/>
            <AD_FieldStyle_ID reference="id"/>
            <IsAutocomplete>N</IsAutocomplete>
            <IsQueryAfterChange>N</IsQueryAfterChange>
            <IsRange>N</IsRange>
            <DefaultValue2/>
            <Placeholder2/>
            <AD_InfoColumn_Trl type="translation">
                <Description>手持在庫数量(倉庫計)</Description>
                <Help>手持在庫数量(倉庫計)</Help>
                <Name>手持在庫数量(倉庫計)</Name>
                <Placeholder/>
                <Placeholder2/>
                <AD_Language>ja_JP</AD_Language>
                <IsActive>Y</IsActive>
                <IsTranslated>N</IsTranslated>
            </AD_InfoColumn_Trl>
        </AD_InfoColumn>
        <AD_InfoColumn type="table">
            <AD_Client_ID>0</AD_Client_ID>
            <AD_Org_ID>0</AD_Org_ID>
            <IsActive>Y</IsActive>
            <Name>Reserved Qty of Warehouse</Name>
            <Description>Reserved Quantity</Description>
            <Help>The Reserved Quantity indicates the quantity of a product that is currently reserved.</Help>
            <AD_InfoWindow_ID reference="uuid" reference-key="AD_InfoWindow">a9688a53-913c-4819-9d22-86d8553cdad3</AD_InfoWindow_ID>
            <EntityType>JP</EntityType>
            <SelectClause>bomQtyReserved(ol.M_Product_ID,o.M_Warehouse_ID,0) AS JP_QtyReservedWH</SelectClause>
            <SeqNo>100</SeqNo>
            <IsDisplayed>Y</IsDisplayed>
            <IsQueryCriteria>N</IsQueryCriteria>
            <AD_Element_ID reference="uuid" reference-key="AD_Element">91446cfd-cab7-418a-94a0-9ffc1536729e</AD_Element_ID>
            <AD_Reference_ID reference="id">29</AD_Reference_ID>
            <AD_InfoColumn_UU>13a81741-6112-4b15-b652-684ef5dd551d</AD_InfoColumn_UU>
            <AD_Reference_Value_ID reference="id"/>
            <AD_Val_Rule_ID reference="id"/>
            <IsCentrallyMaintained>Y</IsCentrallyMaintained>
            <DisplayLogic/>
            <ColumnName>JP_QtyReservedWH</ColumnName>
            <QueryOperator>=</QueryOperator>
            <QueryFunction/>
            <IsIdentifier>N</IsIdentifier>
            <SeqNoSelection>0</SeqNoSelection>
            <DefaultValue/>
            <IsMandatory>N</IsMandatory>
            <IsKey>N</IsKey>
            <IsReadOnly>Y</IsReadOnly>
            <Placeholder/>
            <InputFieldValidation/>
            <AD_FieldStyle_ID reference="id"/>
            <IsAutocomplete>N</IsAutocomplete>
            <IsQueryAfterChange>N</IsQueryAfterChange>
            <IsRange>N</IsRange>
            <DefaultValue2/>
            <Placeholder2/>
            <AD_InfoColumn_Trl type="translation">
                <Description>引当数量(倉庫計)</Description>
                <Help>引当数量(倉庫計)</Help>
                <Name>引当数量(倉庫計)</Name>
                <Placeholder/>
                <Placeholder2/>
                <AD_Language>ja_JP</AD_Language>
                <IsActive>Y</IsActive>
                <IsTranslated>N</IsTranslated>
            </AD_InfoColumn_Trl>
        </AD_InfoColumn>
        <AD_InfoRelated type="table">
            <AD_Client_ID>0</AD_Client_ID>
            <AD_Org_ID>0</AD_Org_ID>
            <IsActive>Y</IsActive>
            <Name>Qty on Hand per Locator</Name>
            <Description/>
            <Help/>
            <AD_InfoWindow_ID reference="uuid" reference-key="AD_InfoWindow">a9688a53-913c-4819-9d22-86d8553cdad3</AD_InfoWindow_ID>
            <SeqNo>0</SeqNo>
            <RelatedInfo_ID reference="uuid" reference-key="AD_InfoWindow">fda1db3a-57c7-4a55-90b2-f4c20bf5066f</RelatedInfo_ID>
            <RelatedColumn_ID reference="uuid" reference-key="AD_InfoColumn">e68433f7-18ed-45ea-8de2-9b0c8ad87d1c</RelatedColumn_ID>
            <AD_InfoRelated_UU>5e388d02-7683-49d5-a477-02ffe83eb8f6</AD_InfoRelated_UU>
            <ParentRelatedColumn_ID reference="uuid" reference-key="AD_InfoColumn">ada4d940-74bb-44df-a547-3119b3294fe5</ParentRelatedColumn_ID>
            <EntityType>JP</EntityType>
            <DisplayLogic/>
        </AD_InfoRelated>
    </AD_InfoWindow>
    <AD_Menu type="table">
        <Parent_ID reference="uuid" reference-key="AD_Menu">b808e2eb-852e-4bd7-8029-0c6377d4acab</Parent_ID>
        <SeqNo>27</SeqNo>
        <AD_Client_ID>0</AD_Client_ID>
        <AD_Org_ID>0</AD_Org_ID>
        <Name>Storage On Hand of Sales Order - Org Warehouse Level</Name>
        <Description>JPIERE-0624:JPCS</Description>
        <Action>I</Action>
        <AD_Window_ID reference="id"/>
        <AD_Workflow_ID reference="id"/>
        <AD_Task_ID reference="id"/>
        <IsActive>Y</IsActive>
        <IsSummary>N</IsSummary>
        <AD_Process_ID reference="id"/>
        <IsSOTrx>Y</IsSOTrx>
        <AD_Form_ID reference="id"/>
        <IsReadOnly>N</IsReadOnly>
        <EntityType>JP</EntityType>
        <IsCentrallyMaintained>Y</IsCentrallyMaintained>
        <AD_Menu_UU>5b3cca55-3abd-4489-ad70-edf8db57ce61</AD_Menu_UU>
        <AD_InfoWindow_ID reference="uuid" reference-key="AD_InfoWindow">a9688a53-913c-4819-9d22-86d8553cdad3</AD_InfoWindow_ID>
        <PredefinedContextVariables/>
        <AD_Menu_Trl type="translation">
            <Description>JPIERE-0624:JPCS</Description>
            <Name>受注伝票の現在庫数量確認 - 組織倉庫レベル</Name>
            <AD_Language>ja_JP</AD_Language>
            <IsActive>Y</IsActive>
            <IsTranslated>N</IsTranslated>
        </AD_Menu_Trl>
    </AD_Menu>
</idempiere>
