<?xml version="1.0" encoding="UTF-8"?><idempiere Name="20240319_JPIERE-0613" Version="11" idempiereVersion="" DataBaseVersion="" Description="Confirm Open Amount of Payment" Author="" AuthorEmail="" CreatedDate="2024-03-19 13:15:55.653" UpdatedDate="2024-03-19 13:15:55.653" PackOutVersion="100" UpdateDictionary="false" Client="0-SYSTEM-System" AD_Client_UU="11237b53-9592-4af1-b3c5-afd216514b5d">
    <AD_Process type="table">
        <AD_Client_ID>0</AD_Client_ID>
        <AD_Org_ID>0</AD_Org_ID>
        <IsActive>Y</IsActive>
        <Name>Confirm Open Amount of Payment</Name>
        <Description>JPIERE-0613:JPBP</Description>
        <Help/>
        <ProcedureName/>
        <IsReport>N</IsReport>
        <Value>JP_ConfirmOpenAmtOfPayment</Value>
        <IsDirectPrint>N</IsDirectPrint>
        <AD_ReportView_ID reference="id"/>
        <Classname>jpiere.base.plugin.org.adempiere.process.ConfirmOpenAmtOfPayment</Classname>
        <AccessLevel>3</AccessLevel>
        <EntityType>JP</EntityType>
        <Statistic_Count>0</Statistic_Count>
        <Statistic_Seconds>0</Statistic_Seconds>
        <AD_PrintFormat_ID reference="id"/>
        <WorkflowValue/>
        <AD_Workflow_ID reference="id"/>
        <IsBetaFunctionality>N</IsBetaFunctionality>
        <ShowHelp>N</ShowHelp>
        <JasperReport/>
        <AD_Form_ID reference="id"/>
        <CopyFromProcess>N</CopyFromProcess>
        <AD_Process_UU>b9381563-48ad-4431-8008-c01e4fa1b939</AD_Process_UU>
        <AD_CtxHelp_ID reference="id"/>
        <ExecutionType/>
        <AllowMultipleExecution>P</AllowMultipleExecution>
        <FileNamePattern/>
        <JP_CancelWorkflow_ID reference="id"/>
        <AD_Process_Trl type="translation">
            <Description>JPIERE-0613:JPBP</Description>
            <Help/>
            <Name>未消込金額の確認</Name>
            <AD_Language>ja_JP</AD_Language>
            <IsActive>Y</IsActive>
            <IsTranslated>N</IsTranslated>
        </AD_Process_Trl>
    </AD_Process>
    <AD_ToolBarButton type="table">
        <AD_Client_ID>0</AD_Client_ID>
        <AD_Org_ID>0</AD_Org_ID>
        <ComponentName>JP_ConfirmOpenAmtOfPayment</ComponentName>
        <IsActive>Y</IsActive>
        <Name>JP_ConfirmOpenAmtOfPayment</Name>
        <IsCustomization>N</IsCustomization>
        <ActionClassName/>
        <ActionName/>
        <KeyStroke_KeyCode/>
        <KeyStroke_Modifiers/>
        <AD_ToolBarButton_UU>dc65216d-58b6-42a4-b85e-881049a81595</AD_ToolBarButton_UU>
        <Action>W</Action>
        <AD_Tab_ID reference="uuid" reference-key="AD_Tab">04d7a6c0-4be3-4ec0-abd5-b6de6b0aed39</AD_Tab_ID>
        <AD_Process_ID reference="uuid" reference-key="AD_Process">b9381563-48ad-4431-8008-c01e4fa1b939</AD_Process_ID>
        <DisplayLogic/>
        <SeqNo>30</SeqNo>
        <IsAdvancedButton>N</IsAdvancedButton>
        <IsAddSeparator>N</IsAddSeparator>
        <ReadOnlyLogic/>
        <PressedLogic/>
        <EntityType>JP</EntityType>
        <IsShowMore>N</IsShowMore>
    </AD_ToolBarButton>
    <AD_ToolBarButton type="table">
        <AD_Client_ID>0</AD_Client_ID>
        <AD_Org_ID>0</AD_Org_ID>
        <ComponentName>JP_ConfirmOpenAmtOfPayment</ComponentName>
        <IsActive>Y</IsActive>
        <Name>JP_ConfirmOpenAmtOfPayment</Name>
        <IsCustomization>N</IsCustomization>
        <ActionClassName/>
        <ActionName/>
        <KeyStroke_KeyCode/>
        <KeyStroke_Modifiers/>
        <AD_ToolBarButton_UU>be433bc8-993c-4c33-b125-e2109caa6cff</AD_ToolBarButton_UU>
        <Action>W</Action>
        <AD_Tab_ID reference="uuid" reference-key="AD_Tab">5e2735b8-4dcc-4dba-97d3-94b41bcc49f0</AD_Tab_ID>
        <AD_Process_ID reference="uuid" reference-key="AD_Process">b9381563-48ad-4431-8008-c01e4fa1b939</AD_Process_ID>
        <DisplayLogic/>
        <SeqNo>30</SeqNo>
        <IsAdvancedButton>N</IsAdvancedButton>
        <IsAddSeparator>N</IsAddSeparator>
        <ReadOnlyLogic/>
        <PressedLogic/>
        <EntityType>JP</EntityType>
        <IsShowMore>N</IsShowMore>
    </AD_ToolBarButton>
    <AD_ToolBarButton type="table">
        <AD_Client_ID>0</AD_Client_ID>
        <AD_Org_ID>0</AD_Org_ID>
        <ComponentName>JP_ConfirmOpenAmtOfPayment</ComponentName>
        <IsActive>Y</IsActive>
        <Name>JP_ConfirmOpenAmtOfPayment</Name>
        <IsCustomization>N</IsCustomization>
        <ActionClassName/>
        <ActionName/>
        <KeyStroke_KeyCode/>
        <KeyStroke_Modifiers/>
        <AD_ToolBarButton_UU>e6f9e003-1be1-48f6-9544-8f7e9eec6233</AD_ToolBarButton_UU>
        <Action>W</Action>
        <AD_Tab_ID reference="uuid" reference-key="AD_Tab">e5886c4d-acb8-4ea6-9bc2-e9e29835c151</AD_Tab_ID>
        <AD_Process_ID reference="uuid" reference-key="AD_Process">b9381563-48ad-4431-8008-c01e4fa1b939</AD_Process_ID>
        <DisplayLogic/>
        <SeqNo>10</SeqNo>
        <IsAdvancedButton>N</IsAdvancedButton>
        <IsAddSeparator>N</IsAddSeparator>
        <ReadOnlyLogic/>
        <PressedLogic/>
        <EntityType>JP</EntityType>
        <IsShowMore>N</IsShowMore>
    </AD_ToolBarButton>
    <AD_ToolBarButton type="table">
        <AD_Client_ID>0</AD_Client_ID>
        <AD_Org_ID>0</AD_Org_ID>
        <ComponentName>JP_ConfirmOpenAmtOfPayment</ComponentName>
        <IsActive>Y</IsActive>
        <Name>JP_ConfirmOpenAmtOfPayment</Name>
        <IsCustomization>N</IsCustomization>
        <ActionClassName/>
        <ActionName/>
        <KeyStroke_KeyCode/>
        <KeyStroke_Modifiers/>
        <AD_ToolBarButton_UU>cfe01496-782b-44c8-8d8a-932e84202871</AD_ToolBarButton_UU>
        <Action>W</Action>
        <AD_Tab_ID reference="uuid" reference-key="AD_Tab">37bef75b-dd16-44a3-af9a-469ad37218d0</AD_Tab_ID>
        <AD_Process_ID reference="uuid" reference-key="AD_Process">b9381563-48ad-4431-8008-c01e4fa1b939</AD_Process_ID>
        <DisplayLogic/>
        <SeqNo>10</SeqNo>
        <IsAdvancedButton>N</IsAdvancedButton>
        <IsAddSeparator>N</IsAddSeparator>
        <ReadOnlyLogic/>
        <PressedLogic/>
        <EntityType>JP</EntityType>
        <IsShowMore>N</IsShowMore>
    </AD_ToolBarButton>
</idempiere>
