<?xml version="1.0" encoding="UTF-8"?><?xml-stylesheet type="text/css" href="idempiereDocument.css"?><idempiereDocument>
    <header>20250113_JPIERE-0638-02 Package Description</header>
    <H1>Package Name:</H1>
    <packagename>20250113_JPIERE-0638-02</packagename>
    <H1>Author:</H1>
    <Name:/>
    <H1>Email Address:</H1>
    <Email/>
    <H1>Created:</H1>
    <Date>2025-01-13 14:42:32.019</Date>
    <H1>Updated:</H1>
    <Date>2025-01-13 16:36:06.752</Date>
    <H1>Description:</H1>
    <description>Consolidated Management: All Invoice</description>
    <H1>Instructions:</H1>
    <instructions/>
    <H1>Files in Package:</H1>
    <file>File: PackOut.xml</file>
    <filedirectory>Directory: \dict\</filedirectory>
    <filenotes>Notes: Contains all application/object settings for package</filenotes>
    <H1>Client:</H1>
    <Client>0-SYSTEM-System</Client>
</idempiereDocument>
