<?xml version="1.0" encoding="UTF-8"?><idempiere Name="20240315_JPIERE-0611" Version="11" idempiereVersion="" DataBaseVersion="" Description="JPIERE-0611: Create AR Invoice from Income payment for adjust diff between PayAmt and Allocations." Author="" AuthorEmail="" CreatedDate="2024-03-15 13:37:14.731" UpdatedDate="2024-03-15 14:21:40.95" PackOutVersion="100" UpdateDictionary="false" Client="0-SYSTEM-System" AD_Client_UU="11237b53-9592-4af1-b3c5-afd216514b5d">
    <AD_Val_Rule type="table">
        <AD_Client_ID>0</AD_Client_ID>
        <AD_Org_ID>0</AD_Org_ID>
        <Name>JP M_PriceList - IsSOPriceList = Y &amp; IsTaxIncluded = Y</Name>
        <Description>JPIERE-0611:JPBP</Description>
        <Type>S</Type>
        <Code>M_PriceList.IsSOPriceList = 'Y' AND M_PriceList.IsTaxIncluded = 'Y'</Code>
        <IsActive>Y</IsActive>
        <EntityType>JP</EntityType>
        <AD_Val_Rule_UU>1ce8a439-76fe-46a3-b269-4ee2b6a7c503</AD_Val_Rule_UU>
    </AD_Val_Rule>
    <AD_Process type="table">
        <AD_Client_ID>0</AD_Client_ID>
        <AD_Org_ID>0</AD_Org_ID>
        <IsActive>Y</IsActive>
        <Name>Create AR Invoice from Income payment for adjust diff</Name>
        <Description>JPIERE-0611:JPBP</Description>
        <Help/>
        <ProcedureName/>
        <IsReport>N</IsReport>
        <Value>JP_CreateARInvoiceAdjustPaymentDiff</Value>
        <IsDirectPrint>N</IsDirectPrint>
        <AD_ReportView_ID reference="id"/>
        <Classname>jpiere.base.plugin.org.adempiere.process.CreateARInvoiceAdjustPaymentDiff</Classname>
        <AccessLevel>3</AccessLevel>
        <EntityType>JP</EntityType>
        <Statistic_Count>0</Statistic_Count>
        <Statistic_Seconds>0</Statistic_Seconds>
        <AD_PrintFormat_ID reference="id"/>
        <WorkflowValue/>
        <AD_Workflow_ID reference="id"/>
        <IsBetaFunctionality>N</IsBetaFunctionality>
        <ShowHelp>Y</ShowHelp>
        <JasperReport/>
        <AD_Form_ID reference="id"/>
        <CopyFromProcess>N</CopyFromProcess>
        <AD_Process_UU>657d2cb6-a9d1-4f25-b900-83334b58cfb6</AD_Process_UU>
        <AD_CtxHelp_ID reference="id"/>
        <ExecutionType/>
        <AllowMultipleExecution>P</AllowMultipleExecution>
        <FileNamePattern/>
        <JP_CancelWorkflow_ID reference="id"/>
        <AD_Process_Trl type="translation">
            <Description>JPIERE-0611:JPBP</Description>
            <Help/>
            <Name>入金金額と消込金額の差額を売上請求伝票で費用処理する</Name>
            <AD_Language>ja_JP</AD_Language>
            <IsActive>Y</IsActive>
            <IsTranslated>N</IsTranslated>
        </AD_Process_Trl>
        <AD_Process_Para type="table">
            <AD_Client_ID>0</AD_Client_ID>
            <AD_Org_ID>0</AD_Org_ID>
            <IsActive>Y</IsActive>
            <Name>Price List</Name>
            <Description>Unique identifier of a Price List</Description>
            <Help>Price Lists are used to determine the pricing, margin and cost of items purchased or sold.</Help>
            <AD_Process_ID reference="uuid" reference-key="AD_Process">657d2cb6-a9d1-4f25-b900-83334b58cfb6</AD_Process_ID>
            <SeqNo>20</SeqNo>
            <AD_Reference_ID reference="id">19</AD_Reference_ID>
            <AD_Reference_Value_ID reference="id"/>
            <IsRange>N</IsRange>
            <AD_Val_Rule_ID reference="uuid" reference-key="AD_Val_Rule">1ce8a439-76fe-46a3-b269-4ee2b6a7c503</AD_Val_Rule_ID>
            <FieldLength>0</FieldLength>
            <IsMandatory>Y</IsMandatory>
            <DefaultValue/>
            <VFormat/>
            <ValueMin/>
            <ValueMax/>
            <ColumnName>M_PriceList_ID</ColumnName>
            <DefaultValue2/>
            <IsCentrallyMaintained>Y</IsCentrallyMaintained>
            <EntityType>JP</EntityType>
            <AD_Element_ID reference="id">449</AD_Element_ID>
            <ReadOnlyLogic/>
            <DisplayLogic/>
            <AD_Process_Para_UU>32ffbc43-7d69-45eb-9eae-0475fafc4ad7</AD_Process_Para_UU>
            <IsEncrypted>N</IsEncrypted>
            <MandatoryLogic/>
            <Query/>
            <AD_FieldGroup_ID reference="id"/>
            <Placeholder/>
            <Placeholder2/>
            <IsAutocomplete>N</IsAutocomplete>
            <DateRangeOption>D</DateRangeOption>
            <IsShowNegateButton>N</IsShowNegateButton>
            <AD_Process_Para_Trl type="translation">
                <Description>プライスリストには品目の価格を登録します。プライスリストに登録していない品目は売買する事はできません。プライスリストは用途によっていくつでも作成する事ができます。</Description>
                <Help/>
                <Name>プライスリスト</Name>
                <Placeholder/>
                <Placeholder2/>
                <AD_Language>ja_JP</AD_Language>
                <IsActive>Y</IsActive>
                <IsTranslated>Y</IsTranslated>
            </AD_Process_Para_Trl>
        </AD_Process_Para>
        <AD_Val_Rule type="table">
            <AD_Client_ID>0</AD_Client_ID>
            <AD_Org_ID>0</AD_Org_ID>
            <Name>JP C_DocType AR Invoices and Credit Memos</Name>
            <Description>JPIERE</Description>
            <Type>S</Type>
            <Code>C_DocType.DocBaseType IN ('ARI', 'ARC') AND C_DocType.IsSOTrx='Y'  AND C_DocType.AD_Client_ID=@#AD_Client_ID@ AND  C_DocType.IsDisplayDocTypeJP= 'Y'</Code>
            <IsActive>Y</IsActive>
            <EntityType>JP</EntityType>
            <AD_Val_Rule_UU>6582ccd3-51c6-4575-a244-464efb87721b</AD_Val_Rule_UU>
        </AD_Val_Rule>
        <AD_Process_Para type="table">
            <AD_Client_ID>0</AD_Client_ID>
            <AD_Org_ID>0</AD_Org_ID>
            <IsActive>Y</IsActive>
            <Name>Document Type</Name>
            <Description>Document type or rules</Description>
            <Help>The Document Type determines document sequence and processing rules</Help>
            <AD_Process_ID reference="uuid" reference-key="AD_Process">657d2cb6-a9d1-4f25-b900-83334b58cfb6</AD_Process_ID>
            <SeqNo>10</SeqNo>
            <AD_Reference_ID reference="id">19</AD_Reference_ID>
            <AD_Reference_Value_ID reference="id"/>
            <IsRange>N</IsRange>
            <AD_Val_Rule_ID reference="uuid" reference-key="AD_Val_Rule">6582ccd3-51c6-4575-a244-464efb87721b</AD_Val_Rule_ID>
            <FieldLength>0</FieldLength>
            <IsMandatory>Y</IsMandatory>
            <DefaultValue/>
            <VFormat/>
            <ValueMin/>
            <ValueMax/>
            <ColumnName>C_DocType_ID</ColumnName>
            <DefaultValue2/>
            <IsCentrallyMaintained>Y</IsCentrallyMaintained>
            <EntityType>JP</EntityType>
            <AD_Element_ID reference="id">196</AD_Element_ID>
            <ReadOnlyLogic/>
            <DisplayLogic/>
            <AD_Process_Para_UU>e0a0e6a6-ebcc-4f07-bb6f-d27af267b3b6</AD_Process_Para_UU>
            <IsEncrypted>N</IsEncrypted>
            <MandatoryLogic/>
            <Query/>
            <AD_FieldGroup_ID reference="id"/>
            <Placeholder/>
            <Placeholder2/>
            <IsAutocomplete>N</IsAutocomplete>
            <DateRangeOption>D</DateRangeOption>
            <IsShowNegateButton>N</IsShowNegateButton>
            <AD_Process_Para_Trl type="translation">
                <Description/>
                <Help>iDempiereは「伝票（Document）」の概念を使用して業務を管理するシステムです。iDempiereで使用する伝票の多くに、「伝票タイプ(Document Type)」フィールドがあり、伝票を伝票タイプにより区分管理する事ができるようになっています。</Help>
                <Name>伝票タイプ</Name>
                <Placeholder/>
                <Placeholder2/>
                <AD_Language>ja_JP</AD_Language>
                <IsActive>Y</IsActive>
                <IsTranslated>Y</IsTranslated>
            </AD_Process_Para_Trl>
        </AD_Process_Para>
        <AD_Process_Para type="table">
            <AD_Client_ID>0</AD_Client_ID>
            <AD_Org_ID>0</AD_Org_ID>
            <IsActive>Y</IsActive>
            <Name>Payment Term</Name>
            <Description>The terms of Payment (timing, discount)</Description>
            <Help>Payment Terms identify the method and timing of payment.</Help>
            <AD_Process_ID reference="uuid" reference-key="AD_Process">657d2cb6-a9d1-4f25-b900-83334b58cfb6</AD_Process_ID>
            <SeqNo>30</SeqNo>
            <AD_Reference_ID reference="id">19</AD_Reference_ID>
            <AD_Reference_Value_ID reference="id"/>
            <IsRange>N</IsRange>
            <AD_Val_Rule_ID reference="id">52098</AD_Val_Rule_ID>
            <FieldLength>22</FieldLength>
            <IsMandatory>N</IsMandatory>
            <DefaultValue/>
            <VFormat/>
            <ValueMin/>
            <ValueMax/>
            <ColumnName>C_PaymentTerm_ID</ColumnName>
            <DefaultValue2/>
            <IsCentrallyMaintained>Y</IsCentrallyMaintained>
            <EntityType>JP</EntityType>
            <AD_Element_ID reference="id">204</AD_Element_ID>
            <ReadOnlyLogic/>
            <DisplayLogic/>
            <AD_Process_Para_UU>a50e8280-c9b3-4e04-9e2d-02d59876b128</AD_Process_Para_UU>
            <IsEncrypted>N</IsEncrypted>
            <MandatoryLogic/>
            <Query/>
            <AD_FieldGroup_ID reference="id"/>
            <Placeholder/>
            <Placeholder2/>
            <IsAutocomplete>N</IsAutocomplete>
            <DateRangeOption>D</DateRangeOption>
            <IsShowNegateButton>N</IsShowNegateButton>
            <AD_Process_Para_Trl type="translation">
                <Description/>
                <Help/>
                <Name>支払条件</Name>
                <Placeholder/>
                <Placeholder2/>
                <AD_Language>ja_JP</AD_Language>
                <IsActive>Y</IsActive>
                <IsTranslated>Y</IsTranslated>
            </AD_Process_Para_Trl>
        </AD_Process_Para>
        <AD_Process_Para type="table">
            <AD_Client_ID>0</AD_Client_ID>
            <AD_Org_ID>0</AD_Org_ID>
            <IsActive>Y</IsActive>
            <Name>Charge</Name>
            <Description>Additional document charges</Description>
            <Help>The Charge indicates a type of Charge (Handling, Shipping, Restocking)</Help>
            <AD_Process_ID reference="uuid" reference-key="AD_Process">657d2cb6-a9d1-4f25-b900-83334b58cfb6</AD_Process_ID>
            <SeqNo>40</SeqNo>
            <AD_Reference_ID reference="id">19</AD_Reference_ID>
            <AD_Reference_Value_ID reference="id"/>
            <IsRange>N</IsRange>
            <AD_Val_Rule_ID reference="id"/>
            <FieldLength>0</FieldLength>
            <IsMandatory>Y</IsMandatory>
            <DefaultValue/>
            <VFormat/>
            <ValueMin/>
            <ValueMax/>
            <ColumnName>C_Charge_ID</ColumnName>
            <DefaultValue2/>
            <IsCentrallyMaintained>Y</IsCentrallyMaintained>
            <EntityType>JP</EntityType>
            <AD_Element_ID reference="id">968</AD_Element_ID>
            <ReadOnlyLogic/>
            <DisplayLogic/>
            <AD_Process_Para_UU>6bf33d47-59ec-414b-8263-9254eeedc7e5</AD_Process_Para_UU>
            <IsEncrypted>N</IsEncrypted>
            <MandatoryLogic/>
            <Query/>
            <AD_FieldGroup_ID reference="id"/>
            <Placeholder/>
            <Placeholder2/>
            <IsAutocomplete>N</IsAutocomplete>
            <DateRangeOption>D</DateRangeOption>
            <IsShowNegateButton>N</IsShowNegateButton>
            <AD_Process_Para_Trl type="translation">
                <Description/>
                <Help/>
                <Name>摘要科目</Name>
                <Placeholder/>
                <Placeholder2/>
                <AD_Language>ja_JP</AD_Language>
                <IsActive>Y</IsActive>
                <IsTranslated>Y</IsTranslated>
            </AD_Process_Para_Trl>
        </AD_Process_Para>
        <AD_Process_Para type="table">
            <AD_Client_ID>0</AD_Client_ID>
            <AD_Org_ID>0</AD_Org_ID>
            <IsActive>Y</IsActive>
            <Name>Tax</Name>
            <Description>Tax identifier</Description>
            <Help>The Tax indicates the type of tax used in document line.</Help>
            <AD_Process_ID reference="uuid" reference-key="AD_Process">657d2cb6-a9d1-4f25-b900-83334b58cfb6</AD_Process_ID>
            <SeqNo>50</SeqNo>
            <AD_Reference_ID reference="id">19</AD_Reference_ID>
            <AD_Reference_Value_ID reference="id">158</AD_Reference_Value_ID>
            <IsRange>N</IsRange>
            <AD_Val_Rule_ID reference="id"/>
            <FieldLength>0</FieldLength>
            <IsMandatory>Y</IsMandatory>
            <DefaultValue>-1</DefaultValue>
            <VFormat/>
            <ValueMin/>
            <ValueMax/>
            <ColumnName>C_Tax_ID</ColumnName>
            <DefaultValue2/>
            <IsCentrallyMaintained>Y</IsCentrallyMaintained>
            <EntityType>JP</EntityType>
            <AD_Element_ID reference="id">213</AD_Element_ID>
            <ReadOnlyLogic/>
            <DisplayLogic/>
            <AD_Process_Para_UU>d491fa7f-97aa-4b05-bf20-a5a82aee02ed</AD_Process_Para_UU>
            <IsEncrypted>N</IsEncrypted>
            <MandatoryLogic/>
            <Query/>
            <AD_FieldGroup_ID reference="id"/>
            <Placeholder/>
            <Placeholder2/>
            <IsAutocomplete>N</IsAutocomplete>
            <DateRangeOption>D</DateRangeOption>
            <IsShowNegateButton>N</IsShowNegateButton>
            <AD_Process_Para_Trl type="translation">
                <Description/>
                <Help/>
                <Name>税金情報</Name>
                <Placeholder/>
                <Placeholder2/>
                <AD_Language>ja_JP</AD_Language>
                <IsActive>Y</IsActive>
                <IsTranslated>Y</IsTranslated>
            </AD_Process_Para_Trl>
        </AD_Process_Para>
    </AD_Process>
    <AD_ToolBarButton type="table">
        <AD_Client_ID>0</AD_Client_ID>
        <AD_Org_ID>0</AD_Org_ID>
        <ComponentName>JP_CreateARInvoiceAdjustPaymentDiff</ComponentName>
        <IsActive>Y</IsActive>
        <Name>JP_CreateARInvoiceAdjustPaymentDiff</Name>
        <IsCustomization>N</IsCustomization>
        <ActionClassName/>
        <ActionName/>
        <KeyStroke_KeyCode/>
        <KeyStroke_Modifiers/>
        <AD_ToolBarButton_UU>ff98865f-6c9b-4d80-b16f-d62095329374</AD_ToolBarButton_UU>
        <Action>W</Action>
        <AD_Tab_ID reference="uuid" reference-key="AD_Tab">04d7a6c0-4be3-4ec0-abd5-b6de6b0aed39</AD_Tab_ID>
        <AD_Process_ID reference="uuid" reference-key="AD_Process">657d2cb6-a9d1-4f25-b900-83334b58cfb6</AD_Process_ID>
        <DisplayLogic>@C_Order_ID@=0  &amp; @Processed@='N'</DisplayLogic>
        <SeqNo>20</SeqNo>
        <IsAdvancedButton>N</IsAdvancedButton>
        <IsAddSeparator>N</IsAddSeparator>
        <ReadOnlyLogic/>
        <PressedLogic/>
        <EntityType>JP</EntityType>
        <IsShowMore>N</IsShowMore>
    </AD_ToolBarButton>
    <AD_ToolBarButton type="table">
        <AD_Client_ID>0</AD_Client_ID>
        <AD_Org_ID>0</AD_Org_ID>
        <ComponentName>JP_CreateARInvoiceAdjustPaymentDiff</ComponentName>
        <IsActive>Y</IsActive>
        <Name>JP_CreateARInvoiceAdjustPaymentDiff</Name>
        <IsCustomization>N</IsCustomization>
        <ActionClassName/>
        <ActionName/>
        <KeyStroke_KeyCode/>
        <KeyStroke_Modifiers/>
        <AD_ToolBarButton_UU>88bb28a9-48e6-481f-b2d5-35e8e6329f7b</AD_ToolBarButton_UU>
        <Action>W</Action>
        <AD_Tab_ID reference="uuid" reference-key="AD_Tab">5e2735b8-4dcc-4dba-97d3-94b41bcc49f0</AD_Tab_ID>
        <AD_Process_ID reference="uuid" reference-key="AD_Process">657d2cb6-a9d1-4f25-b900-83334b58cfb6</AD_Process_ID>
        <DisplayLogic>@C_Order_ID@=0  &amp; @Processed@='N'</DisplayLogic>
        <SeqNo>20</SeqNo>
        <IsAdvancedButton>N</IsAdvancedButton>
        <IsAddSeparator>N</IsAddSeparator>
        <ReadOnlyLogic/>
        <PressedLogic/>
        <EntityType>JP</EntityType>
        <IsShowMore>N</IsShowMore>
    </AD_ToolBarButton>
    <AD_Message type="table">
        <AD_Client_ID>0</AD_Client_ID>
        <AD_Org_ID>0</AD_Org_ID>
        <MsgType>E</MsgType>
        <MsgText>This process cannot be executed because the Payment amount is greater than the amount to be Allocated.</MsgText>
        <MsgTip/>
        <IsActive>Y</IsActive>
        <Value>JP_CouldNotProcess_PayAmt&gt;Allocate</Value>
        <EntityType>JP</EntityType>
        <AD_Message_UU>b7a4abb6-9715-4376-8b93-f1d6e58b0f79</AD_Message_UU>
        <AD_Message_Trl type="translation">
            <MsgText>入金金額の方が消込処理する金額より大きいのでプロセスは実行できません。</MsgText>
            <MsgTip/>
            <AD_Language>ja_JP</AD_Language>
            <IsActive>Y</IsActive>
            <IsTranslated>N</IsTranslated>
        </AD_Message_Trl>
    </AD_Message>
    <AD_Message type="table">
        <AD_Client_ID>0</AD_Client_ID>
        <AD_Org_ID>0</AD_Org_ID>
        <MsgType>E</MsgType>
        <MsgText>This process is need not to run, because the Payment amount and the amount to be Allocated art the same.</MsgText>
        <MsgTip/>
        <IsActive>Y</IsActive>
        <Value>JP_CouldNotProcess_PayAmt=Allocate</Value>
        <EntityType>JP</EntityType>
        <AD_Message_UU>08597eff-b6b9-4cfe-97fe-73fa381cd3f2</AD_Message_UU>
        <AD_Message_Trl type="translation">
            <MsgText>入金金額と消込処理する金額は同額です。プロセスを実行する必要はありません。</MsgText>
            <MsgTip/>
            <AD_Language>ja_JP</AD_Language>
            <IsActive>Y</IsActive>
            <IsTranslated>N</IsTranslated>
        </AD_Message_Trl>
    </AD_Message>
    <AD_Message type="table">
        <AD_Client_ID>0</AD_Client_ID>
        <AD_Org_ID>0</AD_Org_ID>
        <MsgType>I</MsgType>
        <MsgText>Created AR Invoice. And added to Allocate. please Confirm it.</MsgText>
        <MsgTip/>
        <IsActive>Y</IsActive>
        <Value>JP_CreateARInvoice-AddToAllocate</Value>
        <EntityType>JP</EntityType>
        <AD_Message_UU>1802cea4-5966-488b-9afb-7b31d1ab4bb8</AD_Message_UU>
        <AD_Message_Trl type="translation">
            <MsgText>売上請求伝票を作成し消込処理対象に追加しましたので、確認して下さい。</MsgText>
            <MsgTip/>
            <AD_Language>ja_JP</AD_Language>
            <IsActive>Y</IsActive>
            <IsTranslated>N</IsTranslated>
        </AD_Message_Trl>
    </AD_Message>
</idempiere>
