<?xml version="1.0" encoding="UTF-8"?><?xml-stylesheet type="text/css" href="idempiereDocument.css"?><idempiereDocument>
    <header>20250118_JPIERE-0645 Package Description</header>
    <H1>Package Name:</H1>
    <packagename>20250118_JPIERE-0645</packagename>
    <H1>Author:</H1>
    <Name:/>
    <H1>Email Address:</H1>
    <Email/>
    <H1>Created:</H1>
    <Date>2025-01-18 15:22:22.243</Date>
    <H1>Updated:</H1>
    <Date>2025-01-18 18:56:33.414</Date>
    <H1>Description:</H1>
    <description>JPPS-CM: Consolidated Management: All Payments</description>
    <H1>Instructions:</H1>
    <instructions/>
    <H1>Files in Package:</H1>
    <file>File: PackOut.xml</file>
    <filedirectory>Directory: \dict\</filedirectory>
    <filenotes>Notes: Contains all application/object settings for package</filenotes>
    <H1>Client:</H1>
    <Client>0-SYSTEM-System</Client>
</idempiereDocument>
