<?xml version="1.0" encoding="UTF-8"?><idempiere Name="20240317_JPIERE-0612" Version="11" idempiereVersion="" DataBaseVersion="" Description="Confirm Open Amount of Invoice" Author="" AuthorEmail="" CreatedDate="2024-03-17 00:17:36.747" UpdatedDate="2024-03-17 00:17:36.747" PackOutVersion="100" UpdateDictionary="false" Client="0-SYSTEM-System" AD_Client_UU="11237b53-9592-4af1-b3c5-afd216514b5d">
    <AD_Process type="table">
        <AD_Client_ID>0</AD_Client_ID>
        <AD_Org_ID>0</AD_Org_ID>
        <IsActive>Y</IsActive>
        <Name>Confirm Open Amount of Invoice</Name>
        <Description>JPIERE-0612:JPBP</Description>
        <Help/>
        <ProcedureName/>
        <IsReport>N</IsReport>
        <Value>JP_ConfirmOpenAmtOfInvoice</Value>
        <IsDirectPrint>N</IsDirectPrint>
        <AD_ReportView_ID reference="id"/>
        <Classname>jpiere.base.plugin.org.adempiere.process.ConfirmOpenAmtOfInvoice</Classname>
        <AccessLevel>3</AccessLevel>
        <EntityType>JP</EntityType>
        <Statistic_Count>0</Statistic_Count>
        <Statistic_Seconds>0</Statistic_Seconds>
        <AD_PrintFormat_ID reference="id"/>
        <WorkflowValue/>
        <AD_Workflow_ID reference="id"/>
        <IsBetaFunctionality>N</IsBetaFunctionality>
        <ShowHelp>N</ShowHelp>
        <JasperReport/>
        <AD_Form_ID reference="id"/>
        <CopyFromProcess>N</CopyFromProcess>
        <AD_Process_UU>13198c3f-bdd0-421c-b99b-28eb279fff68</AD_Process_UU>
        <AD_CtxHelp_ID reference="id"/>
        <ExecutionType/>
        <AllowMultipleExecution>P</AllowMultipleExecution>
        <FileNamePattern/>
        <JP_CancelWorkflow_ID reference="id"/>
        <AD_Process_Trl type="translation">
            <Description>JPIERE-0612:JPBP</Description>
            <Help/>
            <Name>未消込金額の確認</Name>
            <AD_Language>ja_JP</AD_Language>
            <IsActive>Y</IsActive>
            <IsTranslated>N</IsTranslated>
        </AD_Process_Trl>
    </AD_Process>
    <AD_ToolBarButton type="table">
        <AD_Client_ID>0</AD_Client_ID>
        <AD_Org_ID>0</AD_Org_ID>
        <ComponentName>JP_ConfirmOpenAmtOfInvoice</ComponentName>
        <IsActive>Y</IsActive>
        <Name>JP_ConfirmOpenAmtOfInvoice</Name>
        <IsCustomization>N</IsCustomization>
        <ActionClassName/>
        <ActionName/>
        <KeyStroke_KeyCode/>
        <KeyStroke_Modifiers/>
        <AD_ToolBarButton_UU>d4659394-db99-4aa4-9d00-be46166e030a</AD_ToolBarButton_UU>
        <Action>W</Action>
        <AD_Tab_ID reference="uuid" reference-key="AD_Tab">e1a2a5ee-ab08-4dd0-b1dd-74ea040623fc</AD_Tab_ID>
        <AD_Process_ID reference="uuid" reference-key="AD_Process">13198c3f-bdd0-421c-b99b-28eb279fff68</AD_Process_ID>
        <DisplayLogic/>
        <SeqNo>40</SeqNo>
        <IsAdvancedButton>N</IsAdvancedButton>
        <IsAddSeparator>N</IsAddSeparator>
        <ReadOnlyLogic/>
        <PressedLogic/>
        <EntityType>JP</EntityType>
        <IsShowMore>N</IsShowMore>
    </AD_ToolBarButton>
    <AD_ToolBarButton type="table">
        <AD_Client_ID>0</AD_Client_ID>
        <AD_Org_ID>0</AD_Org_ID>
        <ComponentName>JP_ConfirmOpenAmtOfInvoice</ComponentName>
        <IsActive>Y</IsActive>
        <Name>JP_ConfirmOpenAmtOfInvoice</Name>
        <IsCustomization>N</IsCustomization>
        <ActionClassName/>
        <ActionName/>
        <KeyStroke_KeyCode/>
        <KeyStroke_Modifiers/>
        <AD_ToolBarButton_UU>a3f1cc75-9298-4516-b11e-d140c464ab97</AD_ToolBarButton_UU>
        <Action>W</Action>
        <AD_Tab_ID reference="uuid" reference-key="AD_Tab">912936ed-2622-4496-af56-35b830ba0e20</AD_Tab_ID>
        <AD_Process_ID reference="uuid" reference-key="AD_Process">13198c3f-bdd0-421c-b99b-28eb279fff68</AD_Process_ID>
        <DisplayLogic/>
        <SeqNo>40</SeqNo>
        <IsAdvancedButton>N</IsAdvancedButton>
        <IsAddSeparator>N</IsAddSeparator>
        <ReadOnlyLogic/>
        <PressedLogic/>
        <EntityType>JP</EntityType>
        <IsShowMore>N</IsShowMore>
    </AD_ToolBarButton>
    <AD_ToolBarButton type="table">
        <AD_Client_ID>0</AD_Client_ID>
        <AD_Org_ID>0</AD_Org_ID>
        <ComponentName>JP_ConfirmOpenAmtOfInvoice</ComponentName>
        <IsActive>Y</IsActive>
        <Name>JP_ConfirmOpenAmtOfInvoice</Name>
        <IsCustomization>N</IsCustomization>
        <ActionClassName/>
        <ActionName/>
        <KeyStroke_KeyCode/>
        <KeyStroke_Modifiers/>
        <AD_ToolBarButton_UU>4dfdec9e-f6c3-4904-bd5a-5e882e9e55c6</AD_ToolBarButton_UU>
        <Action>W</Action>
        <AD_Tab_ID reference="uuid" reference-key="AD_Tab">12ced4ab-32db-4d34-b483-7a808c5985c3</AD_Tab_ID>
        <AD_Process_ID reference="uuid" reference-key="AD_Process">13198c3f-bdd0-421c-b99b-28eb279fff68</AD_Process_ID>
        <DisplayLogic/>
        <SeqNo>30</SeqNo>
        <IsAdvancedButton>N</IsAdvancedButton>
        <IsAddSeparator>N</IsAddSeparator>
        <ReadOnlyLogic/>
        <PressedLogic/>
        <EntityType>JP</EntityType>
        <IsShowMore>N</IsShowMore>
    </AD_ToolBarButton>
    <AD_ToolBarButton type="table">
        <AD_Client_ID>0</AD_Client_ID>
        <AD_Org_ID>0</AD_Org_ID>
        <ComponentName>JP_ConfirmOpenAmtOfInvoice</ComponentName>
        <IsActive>Y</IsActive>
        <Name>JP_ConfirmOpenAmtOfInvoice</Name>
        <IsCustomization>N</IsCustomization>
        <ActionClassName/>
        <ActionName/>
        <KeyStroke_KeyCode/>
        <KeyStroke_Modifiers/>
        <AD_ToolBarButton_UU>2f5458f4-59cd-438b-b6d5-26240ffe42e6</AD_ToolBarButton_UU>
        <Action>W</Action>
        <AD_Tab_ID reference="uuid" reference-key="AD_Tab">a09f3034-5cef-489f-a592-ea8b511f2876</AD_Tab_ID>
        <AD_Process_ID reference="uuid" reference-key="AD_Process">13198c3f-bdd0-421c-b99b-28eb279fff68</AD_Process_ID>
        <DisplayLogic/>
        <SeqNo>30</SeqNo>
        <IsAdvancedButton>N</IsAdvancedButton>
        <IsAddSeparator>N</IsAddSeparator>
        <ReadOnlyLogic/>
        <PressedLogic/>
        <EntityType>JP</EntityType>
        <IsShowMore>N</IsShowMore>
    </AD_ToolBarButton>
</idempiere>
