<?xml version="1.0" encoding="UTF-8"?><?xml-stylesheet type="text/css" href="idempiereDocument.css"?><idempiereDocument>
    <header>20241225_JPIERE-0636-03 Package Description</header>
    <H1>Package Name:</H1>
    <packagename>20241225_JPIERE-0636-03</packagename>
    <H1>Author:</H1>
    <Name:/>
    <H1>Email Address:</H1>
    <Email/>
    <H1>Created:</H1>
    <Date>2024-12-26 13:50:30.731</Date>
    <H1>Updated:</H1>
    <Date>2024-12-27 16:03:59.88</Date>
    <H1>Description:</H1>
    <description>JPPS-CM: Consolidated Business Partner - Application or Module</description>
    <H1>Instructions:</H1>
    <instructions/>
    <H1>Files in Package:</H1>
    <file>File: PackOut.xml</file>
    <filedirectory>Directory: \dict\</filedirectory>
    <filenotes>Notes: Contains all application/object settings for package</filenotes>
    <H1>Client:</H1>
    <Client>0-SYSTEM-System</Client>
</idempiereDocument>
