<?xml version="1.0" encoding="UTF-8"?><idempiere Name="20240303_JPIERE-0216" Version="11" idempiereVersion="" DataBaseVersion="" Description="Bill Allocation at Income payment" Author="" AuthorEmail="" CreatedDate="2024-03-02 23:36:58.259" UpdatedDate="2024-03-02 23:37:26.128" PackOutVersion="100" UpdateDictionary="false" Client="0-SYSTEM-System" AD_Client_UU="11237b53-9592-4af1-b3c5-afd216514b5d">
    <AD_ToolBarButton type="table">
        <AD_Client_ID>0</AD_Client_ID>
        <AD_Org_ID>0</AD_Org_ID>
        <ComponentName>Create Payment Allocate From Bil</ComponentName>
        <IsActive>Y</IsActive>
        <Name>Create Payment Allocate From Bil</Name>
        <IsCustomization>N</IsCustomization>
        <ActionClassName/>
        <ActionName/>
        <KeyStroke_KeyCode/>
        <KeyStroke_Modifiers/>
        <AD_ToolBarButton_UU>e3b720f1-4495-4c9e-a4dd-0d6e01c2aedb</AD_ToolBarButton_UU>
        <Action>W</Action>
        <AD_Process_ID reference="uuid" reference-key="AD_Process">1d014e82-3682-46b2-9128-61f61749c777</AD_Process_ID>
        <DisplayLogic>@C_Invoice_ID@=0 &amp; @C_Order_ID@=0  &amp; @DocStatus@!'CO' &amp; @DocStatus@!'CL' &amp; @DocStatus@!'VO' &amp; @DocStatus@!'RE'</DisplayLogic>
        <SeqNo>10</SeqNo>
        <IsAdvancedButton>N</IsAdvancedButton>
        <IsAddSeparator>N</IsAddSeparator>
        <ReadOnlyLogic/>
        <PressedLogic/>
        <EntityType>JP</EntityType>
        <IsShowMore>N</IsShowMore>
    </AD_ToolBarButton>
    <AD_ToolBarButton type="table">
        <AD_Client_ID>0</AD_Client_ID>
        <AD_Org_ID>0</AD_Org_ID>
        <ComponentName>Create Payment Allocate From Bil</ComponentName>
        <IsActive>Y</IsActive>
        <Name>Create Payment Allocate From Bil</Name>
        <IsCustomization>N</IsCustomization>
        <ActionClassName/>
        <ActionName/>
        <KeyStroke_KeyCode/>
        <KeyStroke_Modifiers/>
        <AD_ToolBarButton_UU>e5660fc8-709b-41f5-8a4d-50df4acdd51d</AD_ToolBarButton_UU>
        <Action>W</Action>
        <AD_Process_ID reference="uuid" reference-key="AD_Process">1d014e82-3682-46b2-9128-61f61749c777</AD_Process_ID>
        <DisplayLogic>@C_Invoice_ID@=0 &amp; @C_Order_ID@=0  &amp; @DocStatus@!'CO' &amp; @DocStatus@!'CL' &amp; @DocStatus@!'VO' &amp; @DocStatus@!'RE'</DisplayLogic>
        <SeqNo>10</SeqNo>
        <IsAdvancedButton>N</IsAdvancedButton>
        <IsAddSeparator>N</IsAddSeparator>
        <ReadOnlyLogic/>
        <PressedLogic/>
        <EntityType>JP</EntityType>
        <IsShowMore>N</IsShowMore>
    </AD_ToolBarButton>
    <AD_Val_Rule type="table">
        <AD_Client_ID>0</AD_Client_ID>
        <AD_Org_ID>0</AD_Org_ID>
        <Name>JP Complete Bill</Name>
        <Description/>
        <Type>S</Type>
        <Code>JP_Bill.DocStatus IN ('CO','CL')</Code>
        <IsActive>Y</IsActive>
        <EntityType>JP</EntityType>
        <AD_Val_Rule_UU>6b2dfd7c-2e49-4fea-b05f-6f37161026de</AD_Val_Rule_UU>
    </AD_Val_Rule>
    <AD_Process_Para type="table">
        <AD_Client_ID>0</AD_Client_ID>
        <AD_Org_ID>0</AD_Org_ID>
        <IsActive>Y</IsActive>
        <Name>Bill</Name>
        <Description/>
        <Help/>
        <AD_Process_ID reference="uuid" reference-key="AD_Process">1d014e82-3682-46b2-9128-61f61749c777</AD_Process_ID>
        <SeqNo>10</SeqNo>
        <AD_Reference_ID reference="id">200163</AD_Reference_ID>
        <AD_Reference_Value_ID reference="uuid" reference-key="AD_Reference">7332e170-656d-405f-9577-aeca18a82cb3</AD_Reference_Value_ID>
        <IsRange>N</IsRange>
        <AD_Val_Rule_ID reference="uuid" reference-key="AD_Val_Rule">6b2dfd7c-2e49-4fea-b05f-6f37161026de</AD_Val_Rule_ID>
        <FieldLength>10</FieldLength>
        <IsMandatory>N</IsMandatory>
        <DefaultValue/>
        <VFormat/>
        <ValueMin/>
        <ValueMax/>
        <ColumnName>JP_Bill_ID</ColumnName>
        <DefaultValue2/>
        <IsCentrallyMaintained>Y</IsCentrallyMaintained>
        <EntityType>JP</EntityType>
        <AD_Element_ID reference="uuid" reference-key="AD_Element">b625be63-2150-4122-9ff4-e08a6ef0afe4</AD_Element_ID>
        <ReadOnlyLogic/>
        <DisplayLogic/>
        <AD_Process_Para_UU>b2e0f00e-0d08-4eec-9572-36be7cde3854</AD_Process_Para_UU>
        <IsEncrypted>N</IsEncrypted>
        <MandatoryLogic/>
        <Query/>
        <AD_FieldGroup_ID reference="id"/>
        <Placeholder/>
        <Placeholder2/>
        <IsAutocomplete>N</IsAutocomplete>
        <DateRangeOption>D</DateRangeOption>
        <IsShowNegateButton>N</IsShowNegateButton>
        <AD_Process_Para_Trl type="translation">
            <Description/>
            <Help/>
            <Name>まとめ請求書</Name>
            <Placeholder/>
            <Placeholder2/>
            <AD_Language>ja_JP</AD_Language>
            <IsActive>Y</IsActive>
            <IsTranslated>N</IsTranslated>
        </AD_Process_Para_Trl>
    </AD_Process_Para>
</idempiere>
