<?xml version="1.0" encoding="UTF-8"?><?xml-stylesheet type="text/css" href="idempiereDocument.css"?><idempiereDocument>
    <header>20241025_JPIERE-0625 Package Description</header>
    <H1>Package Name:</H1>
    <packagename>20241025_JPIERE-0625</packagename>
    <H1>Author:</H1>
    <Name:/>
    <H1>Email Address:</H1>
    <Email/>
    <H1>Created:</H1>
    <Date>2024-10-24 21:22:34.807</Date>
    <H1>Updated:</H1>
    <Date>2024-10-24 21:22:43.37</Date>
    <H1>Description:</H1>
    <description>Info Window for confirming qty on hand per Purchase order</description>
    <H1>Instructions:</H1>
    <instructions/>
    <H1>Files in Package:</H1>
    <file>File: PackOut.xml</file>
    <filedirectory>Directory: \dict\</filedirectory>
    <filenotes>Notes: Contains all application/object settings for package</filenotes>
    <H1>Client:</H1>
    <Client>0-SYSTEM-System</Client>
</idempiereDocument>
