<?xml version="1.0" encoding="UTF-8"?><idempiere Name="20240306_JPIERE-0544" Version="11" idempiereVersion="" DataBaseVersion="" Description="Contract TaxInfo GLJournal Data Patch" Author="" AuthorEmail="" CreatedDate="2024-03-05 23:58:58.451" UpdatedDate="2024-03-05 23:59:09.014" PackOutVersion="100" UpdateDictionary="false" Client="0-SYSTEM-System" AD_Client_UU="11237b53-9592-4af1-b3c5-afd216514b5d">
    <AD_Menu type="table">
        <Parent_ID reference="uuid" reference-key="AD_Menu">61c91f4f-dca0-43cb-b65a-f14732935acf</Parent_ID>
        <SeqNo>18</SeqNo>
        <AD_Client_ID>0</AD_Client_ID>
        <AD_Org_ID>0</AD_Org_ID>
        <Name>Contract TaxInfo GLJournal Data Patch</Name>
        <Description>JPIERE-0539:JPBP</Description>
        <Action>P</Action>
        <AD_Window_ID reference="id"/>
        <AD_Workflow_ID reference="id"/>
        <AD_Task_ID reference="id"/>
        <IsActive>Y</IsActive>
        <IsSummary>N</IsSummary>
        <AD_Process_ID reference="uuid" reference-key="AD_Process">dfe83727-4b4e-488c-8274-fc3f6cac5836</AD_Process_ID>
        <IsSOTrx>Y</IsSOTrx>
        <AD_Form_ID reference="id"/>
        <IsReadOnly>N</IsReadOnly>
        <EntityType>JP</EntityType>
        <IsCentrallyMaintained>Y</IsCentrallyMaintained>
        <AD_Menu_UU>1c5f8b8d-0364-42d0-a294-a169e5b34b25</AD_Menu_UU>
        <AD_InfoWindow_ID reference="id"/>
        <PredefinedContextVariables/>
        <AD_Menu_Trl type="translation">
            <Description/>
            <Name>契約管理と振替仕訳伝票による費用収益の見越繰延のデータパッチ</Name>
            <AD_Language>ja_JP</AD_Language>
            <IsActive>Y</IsActive>
            <IsTranslated>N</IsTranslated>
        </AD_Menu_Trl>
        <AD_Process type="table">
            <AD_Client_ID>0</AD_Client_ID>
            <AD_Org_ID>0</AD_Org_ID>
            <IsActive>Y</IsActive>
            <Name>Contract TaxInfo GLJournal Data Patch</Name>
            <Description>JPIERE-0539:JPBP</Description>
            <Help/>
            <ProcedureName/>
            <IsReport>N</IsReport>
            <Value>JP_ContractTaxInfoGLJournalDataPatch</Value>
            <IsDirectPrint>N</IsDirectPrint>
            <AD_ReportView_ID reference="id"/>
            <Classname>jpiere.base.plugin.org.adempiere.process.ContractTaxInfoGLJournalDataPatch</Classname>
            <AccessLevel>3</AccessLevel>
            <EntityType>JP</EntityType>
            <Statistic_Count>9</Statistic_Count>
            <Statistic_Seconds>15</Statistic_Seconds>
            <AD_PrintFormat_ID reference="id"/>
            <WorkflowValue/>
            <AD_Workflow_ID reference="id"/>
            <IsBetaFunctionality>N</IsBetaFunctionality>
            <ShowHelp>Y</ShowHelp>
            <JasperReport/>
            <AD_Form_ID reference="id"/>
            <CopyFromProcess>N</CopyFromProcess>
            <AD_Process_UU>dfe83727-4b4e-488c-8274-fc3f6cac5836</AD_Process_UU>
            <AD_CtxHelp_ID reference="id"/>
            <ExecutionType/>
            <AllowMultipleExecution>P</AllowMultipleExecution>
            <FileNamePattern/>
            <JP_CancelWorkflow_ID reference="id"/>
            <AD_Process_Trl type="translation">
                <Description/>
                <Help/>
                <Name>契約管理と振替仕訳伝票による費用収益の見越繰延のデータパッチ</Name>
                <AD_Language>ja_JP</AD_Language>
                <IsActive>Y</IsActive>
                <IsTranslated>N</IsTranslated>
            </AD_Process_Trl>
            <AD_Process_Para type="table">
                <AD_Client_ID>0</AD_Client_ID>
                <AD_Org_ID>0</AD_Org_ID>
                <IsActive>Y</IsActive>
                <Name>OverWrite</Name>
                <Description/>
                <Help/>
                <AD_Process_ID reference="uuid" reference-key="AD_Process">dfe83727-4b4e-488c-8274-fc3f6cac5836</AD_Process_ID>
                <SeqNo>30</SeqNo>
                <AD_Reference_ID reference="id">20</AD_Reference_ID>
                <AD_Reference_Value_ID reference="id"/>
                <IsRange>N</IsRange>
                <AD_Val_Rule_ID reference="id"/>
                <FieldLength>0</FieldLength>
                <IsMandatory>Y</IsMandatory>
                <DefaultValue>N</DefaultValue>
                <VFormat/>
                <ValueMin/>
                <ValueMax/>
                <ColumnName>IsOverWrite</ColumnName>
                <DefaultValue2/>
                <IsCentrallyMaintained>N</IsCentrallyMaintained>
                <EntityType>JP</EntityType>
                <AD_Element_ID reference="id"/>
                <ReadOnlyLogic/>
                <DisplayLogic/>
                <AD_Process_Para_UU>0ea2b18c-11fc-490a-8222-62423a90c092</AD_Process_Para_UU>
                <IsEncrypted>N</IsEncrypted>
                <MandatoryLogic/>
                <Query/>
                <AD_FieldGroup_ID reference="id"/>
                <Placeholder/>
                <Placeholder2/>
                <IsAutocomplete>N</IsAutocomplete>
                <DateRangeOption>D</DateRangeOption>
                <IsShowNegateButton>N</IsShowNegateButton>
                <AD_Process_Para_Trl type="translation">
                    <Description/>
                    <Help/>
                    <Name>上書きする</Name>
                    <Placeholder/>
                    <Placeholder2/>
                    <AD_Language>ja_JP</AD_Language>
                    <IsActive>Y</IsActive>
                    <IsTranslated>N</IsTranslated>
                </AD_Process_Para_Trl>
            </AD_Process_Para>
            <AD_Process_Para type="table">
                <AD_Client_ID>0</AD_Client_ID>
                <AD_Org_ID>0</AD_Org_ID>
                <IsActive>Y</IsActive>
                <Name>Accounting Schema</Name>
                <Description>Rules for accounting</Description>
                <Help>An Accounting Schema defines the rules used in accounting such as costing method, currency and calendar</Help>
                <AD_Process_ID reference="uuid" reference-key="AD_Process">dfe83727-4b4e-488c-8274-fc3f6cac5836</AD_Process_ID>
                <SeqNo>10</SeqNo>
                <AD_Reference_ID reference="id">19</AD_Reference_ID>
                <AD_Reference_Value_ID reference="id"/>
                <IsRange>N</IsRange>
                <AD_Val_Rule_ID reference="id"/>
                <FieldLength>0</FieldLength>
                <IsMandatory>Y</IsMandatory>
                <DefaultValue>@$C_AcctSchema_ID@</DefaultValue>
                <VFormat/>
                <ValueMin/>
                <ValueMax/>
                <ColumnName>C_AcctSchema_ID</ColumnName>
                <DefaultValue2/>
                <IsCentrallyMaintained>Y</IsCentrallyMaintained>
                <EntityType>JP</EntityType>
                <AD_Element_ID reference="id">181</AD_Element_ID>
                <ReadOnlyLogic/>
                <DisplayLogic/>
                <AD_Process_Para_UU>29e7ccb0-354c-4961-ac75-f346fdd210f4</AD_Process_Para_UU>
                <IsEncrypted>N</IsEncrypted>
                <MandatoryLogic/>
                <Query/>
                <AD_FieldGroup_ID reference="id"/>
                <Placeholder/>
                <Placeholder2/>
                <IsAutocomplete>N</IsAutocomplete>
                <DateRangeOption>D</DateRangeOption>
                <IsShowNegateButton>N</IsShowNegateButton>
                <AD_Process_Para_Trl type="translation">
                    <Description/>
                    <Help/>
                    <Name>会計スキーマ</Name>
                    <Placeholder/>
                    <Placeholder2/>
                    <AD_Language>ja_JP</AD_Language>
                    <IsActive>Y</IsActive>
                    <IsTranslated>Y</IsTranslated>
                </AD_Process_Para_Trl>
            </AD_Process_Para>
            <AD_Process_Para type="table">
                <AD_Client_ID>0</AD_Client_ID>
                <AD_Org_ID>0</AD_Org_ID>
                <IsActive>Y</IsActive>
                <Name>Account Date</Name>
                <Description>Accounting Date</Description>
                <Help>The Accounting Date indicates the date to be used on the General Ledger account entries generated from this document. It is also used for any currency conversion.</Help>
                <AD_Process_ID reference="uuid" reference-key="AD_Process">dfe83727-4b4e-488c-8274-fc3f6cac5836</AD_Process_ID>
                <SeqNo>20</SeqNo>
                <AD_Reference_ID reference="id">15</AD_Reference_ID>
                <AD_Reference_Value_ID reference="id"/>
                <IsRange>Y</IsRange>
                <AD_Val_Rule_ID reference="id"/>
                <FieldLength>0</FieldLength>
                <IsMandatory>Y</IsMandatory>
                <DefaultValue>@SQL=SELECT DATE_TRUNC('month', TO_DATE('@#Date@', 'YYYY-MM-DD'))</DefaultValue>
                <VFormat/>
                <ValueMin/>
                <ValueMax/>
                <ColumnName>DateAcct</ColumnName>
                <DefaultValue2>@SQL= SELECT DATE_TRUNC('month', TO_DATE('@#Date@', 'YYYY-MM-DD')) + CAST('1 month' AS INTERVAL)-1</DefaultValue2>
                <IsCentrallyMaintained>Y</IsCentrallyMaintained>
                <EntityType>JP</EntityType>
                <AD_Element_ID reference="id">263</AD_Element_ID>
                <ReadOnlyLogic/>
                <DisplayLogic/>
                <AD_Process_Para_UU>60996932-644c-4c1a-a6ea-4eda506285fb</AD_Process_Para_UU>
                <IsEncrypted>N</IsEncrypted>
                <MandatoryLogic>@JP_ContractProcessUnit@='DAT'</MandatoryLogic>
                <Query/>
                <AD_FieldGroup_ID reference="id"/>
                <Placeholder/>
                <Placeholder2/>
                <IsAutocomplete>N</IsAutocomplete>
                <DateRangeOption>D</DateRangeOption>
                <IsShowNegateButton>N</IsShowNegateButton>
                <AD_Process_Para_Trl type="translation">
                    <Description/>
                    <Help/>
                    <Name>転記日付</Name>
                    <Placeholder/>
                    <Placeholder2/>
                    <AD_Language>ja_JP</AD_Language>
                    <IsActive>Y</IsActive>
                    <IsTranslated>Y</IsTranslated>
                </AD_Process_Para_Trl>
            </AD_Process_Para>
        </AD_Process>
    </AD_Menu>
</idempiere>
