<?xml version="1.0" encoding="UTF-8"?><idempiere Name="20241120_JPIERE-0629-06" Version="11" idempiereVersion="" DataBaseVersion="" Description="JPPS: Consolidated Product - Message" Author="" AuthorEmail="" CreatedDate="2024-12-01 14:42:17.16" UpdatedDate="2024-12-01 15:31:38.463" PackOutVersion="100" UpdateDictionary="false" Client="0-SYSTEM-System" AD_Client_UU="11237b53-9592-4af1-b3c5-afd216514b5d">
    <AD_Message type="table">
        <AD_Client_ID>0</AD_Client_ID>
        <AD_Org_ID>0</AD_Org_ID>
        <MsgType>I</MsgType>
        <MsgText>Could not register</MsgText>
        <MsgTip/>
        <IsActive>Y</IsActive>
        <Value>JP_CouldNotRegister</Value>
        <EntityType>JP</EntityType>
        <AD_Message_UU>820a5d63-bb39-4fa7-857a-efea7f86feab</AD_Message_UU>
        <AD_Message_Trl type="translation">
            <MsgText>登録できませんでした</MsgText>
            <MsgTip/>
            <AD_Language>ja_JP</AD_Language>
            <IsActive>Y</IsActive>
            <IsTranslated>N</IsTranslated>
        </AD_Message_Trl>
    </AD_Message>
    <AD_Message type="table">
        <AD_Client_ID>0</AD_Client_ID>
        <AD_Org_ID>0</AD_Org_ID>
        <MsgType>I</MsgType>
        <MsgText>Failure</MsgText>
        <MsgTip/>
        <IsActive>Y</IsActive>
        <Value>JP_Failure</Value>
        <EntityType>JP</EntityType>
        <AD_Message_UU>376a374a-5457-4182-876e-d416b46106da</AD_Message_UU>
        <AD_Message_Trl type="translation">
            <MsgText>失敗</MsgText>
            <MsgTip/>
            <AD_Language>ja_JP</AD_Language>
            <IsActive>Y</IsActive>
            <IsTranslated>N</IsTranslated>
        </AD_Message_Trl>
    </AD_Message>
    <AD_Message type="table">
        <AD_Client_ID>0</AD_Client_ID>
        <AD_Org_ID>0</AD_Org_ID>
        <MsgType>E</MsgType>
        <MsgText>That Data is already registered.</MsgText>
        <MsgTip/>
        <IsActive>Y</IsActive>
        <Value>JP_AlreadyRegistered</Value>
        <EntityType>JP</EntityType>
        <AD_Message_UU>aa372927-941d-433a-bfb1-e4b191722e13</AD_Message_UU>
        <AD_Message_Trl type="translation">
            <MsgText>そのデータは既に登録されています。</MsgText>
            <MsgTip/>
            <AD_Language>ja_JP</AD_Language>
            <IsActive>Y</IsActive>
            <IsTranslated>N</IsTranslated>
        </AD_Message_Trl>
    </AD_Message>
    <AD_Message type="table">
        <AD_Client_ID>0</AD_Client_ID>
        <AD_Org_ID>0</AD_Org_ID>
        <MsgType>I</MsgType>
        <MsgText>Already registered</MsgText>
        <MsgTip/>
        <IsActive>Y</IsActive>
        <Value>JP_AlreadyRegistered2</Value>
        <EntityType>JP</EntityType>
        <AD_Message_UU>ecbf4caa-6413-4bd4-8ce8-b92c2115628d</AD_Message_UU>
        <AD_Message_Trl type="translation">
            <MsgText>既に登録済み</MsgText>
            <MsgTip/>
            <AD_Language>ja_JP</AD_Language>
            <IsActive>Y</IsActive>
            <IsTranslated>N</IsTranslated>
        </AD_Message_Trl>
    </AD_Message>
</idempiere>
