<?xml version="1.0" encoding="UTF-8"?><?xml-stylesheet type="text/css" href="idempiereDocument.css"?><idempiereDocument>
    <header>20241012_JPIERE-0621 Package Description</header>
    <H1>Package Name:</H1>
    <packagename>20241012_JPIERE-0621</packagename>
    <H1>Author:</H1>
    <Name:/>
    <H1>Email Address:</H1>
    <Email/>
    <H1>Created:</H1>
    <Date>2024-10-12 14:17:09.56</Date>
    <H1>Updated:</H1>
    <Date>2024-11-20 11:34:43.289</Date>
    <H1>Description:</H1>
    <description>Bulk update process.Include JPIERE-0621,0622,0623</description>
    <H1>Instructions:</H1>
    <instructions/>
    <H1>Files in Package:</H1>
    <file>File: PackOut.xml</file>
    <filedirectory>Directory: \dict\</filedirectory>
    <filenotes>Notes: Contains all application/object settings for package</filenotes>
    <H1>Client:</H1>
    <Client>0-SYSTEM-System</Client>
</idempiereDocument>
