<?xml version="1.0" encoding="UTF-8"?><idempiere Name="20240120_JPIERE-0610-01_Process" Version="11" idempiereVersion="" DataBaseVersion="" Description="JPIERE-0610: Print Bill(Manual) - Process" Author="" AuthorEmail="" CreatedDate="2024-01-20 23:02:25.946" UpdatedDate="2024-01-22 16:27:08.439" PackOutVersion="100" UpdateDictionary="false" Client="0-SYSTEM-System" AD_Client_UU="11237b53-9592-4af1-b3c5-afd216514b5d">
    <AD_Process type="table">
        <AD_Client_ID>0</AD_Client_ID>
        <AD_Org_ID>0</AD_Org_ID>
        <IsActive>Y</IsActive>
        <Name>Print Bill(Manual)</Name>
        <Description>JPIERE-0610:JPMS</Description>
        <Help>(Re)Print Bill or send them as PDF attachments to the Business Partner Contact with a valid EMail addres.</Help>
        <ProcedureName/>
        <IsReport>N</IsReport>
        <Value>JP_Bill_Print_Manual</Value>
        <IsDirectPrint>N</IsDirectPrint>
        <AD_ReportView_ID reference="id"/>
        <Classname>jpiere.modification.org.adempiere.process.JPiereBillPrint</Classname>
        <AccessLevel>3</AccessLevel>
        <EntityType>JP</EntityType>
        <Statistic_Count>0</Statistic_Count>
        <Statistic_Seconds>0</Statistic_Seconds>
        <AD_PrintFormat_ID reference="id"/>
        <WorkflowValue/>
        <AD_Workflow_ID reference="id"/>
        <IsBetaFunctionality>N</IsBetaFunctionality>
        <ShowHelp>Y</ShowHelp>
        <JasperReport/>
        <AD_Form_ID reference="id"/>
        <CopyFromProcess/>
        <AD_Process_UU>87d9d4a0-935e-4dcd-8552-4faf19104b80</AD_Process_UU>
        <AD_CtxHelp_ID reference="id"/>
        <ExecutionType/>
        <AllowMultipleExecution>P</AllowMultipleExecution>
        <FileNamePattern/>
        <JP_CancelWorkflow_ID reference="id"/>
        <AD_Process_Trl type="translation">
            <Description>JPIERE-0610:JPMS</Description>
            <Help>選択したまとめ請求書を紙に印刷したり、有効なメールアドレスがある取引先に請求書をPDFファイルとしてメールに添付して送信することができます。</Help>
            <Name>まとめ請求書から請求書印刷(マニュアル)</Name>
            <AD_Language>ja_JP</AD_Language>
            <IsActive>Y</IsActive>
            <IsTranslated>N</IsTranslated>
        </AD_Process_Trl>
        <AD_Process_Para type="table">
            <AD_Client_ID>0</AD_Client_ID>
            <AD_Org_ID>0</AD_Org_ID>
            <IsActive>Y</IsActive>
            <Name>Mail Template</Name>
            <Description>Text templates for mailings</Description>
            <Help>The Mail Template indicates the mail template for return messages. Mail text can include variables.  The priority of parsing is User/Contact, Business Partner and then the underlying business object (like Request, Dunning, Workflow object).&lt;br&gt;
So, @Name@ would resolve into the User name (if user is defined defined), then Business Partner name (if business partner is defined) and then the Name of the business object if it has a Name.&lt;br&gt;
For Multi-Lingual systems, the template is translated based on the Business Partner's language selection.</Help>
            <AD_Process_ID reference="uuid" reference-key="AD_Process">87d9d4a0-935e-4dcd-8552-4faf19104b80</AD_Process_ID>
            <SeqNo>15</SeqNo>
            <AD_Reference_ID reference="id">19</AD_Reference_ID>
            <AD_Reference_Value_ID reference="id"/>
            <IsRange>N</IsRange>
            <AD_Val_Rule_ID reference="id"/>
            <FieldLength>0</FieldLength>
            <IsMandatory>N</IsMandatory>
            <DefaultValue/>
            <VFormat/>
            <ValueMin/>
            <ValueMax/>
            <ColumnName>R_MailText_ID</ColumnName>
            <DefaultValue2/>
            <IsCentrallyMaintained>Y</IsCentrallyMaintained>
            <EntityType>JP</EntityType>
            <AD_Element_ID reference="id">1515</AD_Element_ID>
            <ReadOnlyLogic/>
            <DisplayLogic>@EMailPDF@=Y</DisplayLogic>
            <AD_Process_Para_UU>002dfea2-a392-4dc6-a31d-32d16db3c65a</AD_Process_Para_UU>
            <IsEncrypted>N</IsEncrypted>
            <MandatoryLogic/>
            <Query/>
            <AD_FieldGroup_ID reference="id"/>
            <Placeholder/>
            <Placeholder2/>
            <IsAutocomplete>N</IsAutocomplete>
            <DateRangeOption>D</DateRangeOption>
            <IsShowNegateButton>N</IsShowNegateButton>
            <AD_Process_Para_Trl type="translation">
                <Description/>
                <Help/>
                <Name>メールテンプレート</Name>
                <Placeholder/>
                <Placeholder2/>
                <AD_Language>ja_JP</AD_Language>
                <IsActive>Y</IsActive>
                <IsTranslated>Y</IsTranslated>
            </AD_Process_Para_Trl>
        </AD_Process_Para>
        <AD_Element type="table">
            <AD_Client_ID>0</AD_Client_ID>
            <AD_Org_ID>0</AD_Org_ID>
            <IsActive>Y</IsActive>
            <ColumnName>JPDateBilled</ColumnName>
            <Name>JPDateBilled</Name>
            <Description/>
            <Help/>
            <PrintName>JPDateBilled</PrintName>
            <PO_Description/>
            <PO_Help/>
            <PO_Name/>
            <PO_PrintName/>
            <EntityType>JP</EntityType>
            <AD_Element_UU>08d80e07-c858-45ad-b266-064e3c48a416</AD_Element_UU>
            <Placeholder/>
            <AD_Element_Trl type="translation">
                <Description/>
                <Help/>
                <Name>請求日付</Name>
                <PO_Description/>
                <PO_Help/>
                <PO_Name/>
                <PO_PrintName/>
                <Placeholder/>
                <PrintName>請求日付</PrintName>
                <AD_Language>ja_JP</AD_Language>
                <IsActive>Y</IsActive>
                <IsTranslated>N</IsTranslated>
            </AD_Element_Trl>
        </AD_Element>
        <AD_Process_Para type="table">
            <AD_Client_ID>0</AD_Client_ID>
            <AD_Org_ID>0</AD_Org_ID>
            <IsActive>N</IsActive>
            <Name>JPDateBilled</Name>
            <Description/>
            <Help/>
            <AD_Process_ID reference="uuid" reference-key="AD_Process">87d9d4a0-935e-4dcd-8552-4faf19104b80</AD_Process_ID>
            <SeqNo>20</SeqNo>
            <AD_Reference_ID reference="id">15</AD_Reference_ID>
            <AD_Reference_Value_ID reference="id"/>
            <IsRange>Y</IsRange>
            <AD_Val_Rule_ID reference="id"/>
            <FieldLength>0</FieldLength>
            <IsMandatory>N</IsMandatory>
            <DefaultValue>@SQL= SELECT DATE_TRUNC('month', TO_DATE('@#Date@', 'YYYY-MM-DD')) - CAST('1 month' AS INTERVAL)</DefaultValue>
            <VFormat/>
            <ValueMin/>
            <ValueMax/>
            <ColumnName>JPDateBilled</ColumnName>
            <DefaultValue2>@SQL= SELECT DATE_TRUNC('month', TO_DATE('@#Date@', 'YYYY-MM-DD')) -1</DefaultValue2>
            <IsCentrallyMaintained>Y</IsCentrallyMaintained>
            <EntityType>JP</EntityType>
            <AD_Element_ID reference="uuid" reference-key="AD_Element">08d80e07-c858-45ad-b266-064e3c48a416</AD_Element_ID>
            <ReadOnlyLogic/>
            <DisplayLogic/>
            <AD_Process_Para_UU>0928babb-5236-49ae-adab-82c0b7376182</AD_Process_Para_UU>
            <IsEncrypted>N</IsEncrypted>
            <MandatoryLogic/>
            <Query/>
            <AD_FieldGroup_ID reference="id"/>
            <Placeholder/>
            <Placeholder2/>
            <IsAutocomplete>N</IsAutocomplete>
            <DateRangeOption>D</DateRangeOption>
            <IsShowNegateButton>N</IsShowNegateButton>
            <AD_Process_Para_Trl type="translation">
                <Description/>
                <Help/>
                <Name>請求日付</Name>
                <Placeholder/>
                <Placeholder2/>
                <AD_Language>ja_JP</AD_Language>
                <IsActive>Y</IsActive>
                <IsTranslated>N</IsTranslated>
            </AD_Process_Para_Trl>
        </AD_Process_Para>
        <AD_Process_Para type="table">
            <AD_Client_ID>0</AD_Client_ID>
            <AD_Org_ID>0</AD_Org_ID>
            <IsActive>N</IsActive>
            <Name>Business Partner</Name>
            <Description>Identifies a Business Partner</Description>
            <Help>A Business Partner is anyone with whom you transact.  This can include Vendor, Customer, Employee or Salesperson</Help>
            <AD_Process_ID reference="uuid" reference-key="AD_Process">87d9d4a0-935e-4dcd-8552-4faf19104b80</AD_Process_ID>
            <SeqNo>30</SeqNo>
            <AD_Reference_ID reference="id">30</AD_Reference_ID>
            <AD_Reference_Value_ID reference="id"/>
            <IsRange>N</IsRange>
            <AD_Val_Rule_ID reference="id"/>
            <FieldLength>0</FieldLength>
            <IsMandatory>N</IsMandatory>
            <DefaultValue/>
            <VFormat/>
            <ValueMin/>
            <ValueMax/>
            <ColumnName>C_BPartner_ID</ColumnName>
            <DefaultValue2/>
            <IsCentrallyMaintained>Y</IsCentrallyMaintained>
            <EntityType>JP</EntityType>
            <AD_Element_ID reference="id">187</AD_Element_ID>
            <ReadOnlyLogic/>
            <DisplayLogic/>
            <AD_Process_Para_UU>d4deca8d-c583-4a8f-bfd5-f409a45cabc6</AD_Process_Para_UU>
            <IsEncrypted>N</IsEncrypted>
            <MandatoryLogic/>
            <Query/>
            <AD_FieldGroup_ID reference="id"/>
            <Placeholder/>
            <Placeholder2/>
            <IsAutocomplete>N</IsAutocomplete>
            <DateRangeOption>D</DateRangeOption>
            <IsShowNegateButton>N</IsShowNegateButton>
            <AD_Process_Para_Trl type="translation">
                <Description/>
                <Help/>
                <Name>取引先</Name>
                <Placeholder/>
                <Placeholder2/>
                <AD_Language>ja_JP</AD_Language>
                <IsActive>Y</IsActive>
                <IsTranslated>Y</IsTranslated>
            </AD_Process_Para_Trl>
        </AD_Process_Para>
        <AD_Reference type="table">
            <AD_Client_ID>0</AD_Client_ID>
            <AD_Org_ID>0</AD_Org_ID>
            <Name>JP Bill - Bill Search</Name>
            <Description>JPIERE-0302</Description>
            <Help/>
            <ValidationType>T</ValidationType>
            <IsActive>Y</IsActive>
            <VFormat/>
            <EntityType>JP</EntityType>
            <IsOrderByValue>N</IsOrderByValue>
            <AD_Reference_UU>7332e170-656d-405f-9577-aeca18a82cb3</AD_Reference_UU>
            <AD_Element_ID reference="id"/>
            <ShowInactive>N</ShowInactive>
            <AD_Reference_Trl type="translation">
                <Description>JPIERE-0302</Description>
                <Help/>
                <Name>JP Bill - Bill Search</Name>
                <AD_Language>ja_JP</AD_Language>
                <IsActive>Y</IsActive>
                <IsTranslated>N</IsTranslated>
            </AD_Reference_Trl>
            <AD_Ref_Table type="table">
                <AD_Client_ID>0</AD_Client_ID>
                <AD_Org_ID>0</AD_Org_ID>
                <AD_Reference_ID reference="uuid" reference-key="AD_Reference">7332e170-656d-405f-9577-aeca18a82cb3</AD_Reference_ID>
                <AD_Table_ID reference="uuid" reference-key="AD_Table">e8fdef59-fd00-409a-8603-b8ecc0aaf605</AD_Table_ID>
                <WhereClause/>
                <OrderByClause/>
                <IsActive>Y</IsActive>
                <IsValueDisplayed>N</IsValueDisplayed>
                <EntityType>JP</EntityType>
                <AD_Window_ID reference="id"/>
                <AD_Ref_Table_UU>54bcdc14-1643-4d9c-bf7e-9d02fd15525b</AD_Ref_Table_UU>
                <AD_InfoWindow_ID reference="uuid" reference-key="AD_InfoWindow">21d7c9be-89f6-40af-a663-80e02344cc70</AD_InfoWindow_ID>
                <AD_Display reference="uuid" reference-key="AD_Column">38a0fe5e-b2c2-443a-b96a-5ae67d61d1b6</AD_Display>
                <AD_Key reference="uuid" reference-key="AD_Column">38a0fe5e-b2c2-443a-b96a-5ae67d61d1b6</AD_Key>
            </AD_Ref_Table>
        </AD_Reference>
        <AD_Element type="table">
            <AD_Client_ID>0</AD_Client_ID>
            <AD_Org_ID>0</AD_Org_ID>
            <IsActive>Y</IsActive>
            <ColumnName>JP_Bill_ID</ColumnName>
            <Name>Bill</Name>
            <Description/>
            <Help/>
            <PrintName>Bill</PrintName>
            <PO_Description/>
            <PO_Help/>
            <PO_Name/>
            <PO_PrintName/>
            <EntityType>JP</EntityType>
            <AD_Element_UU>b625be63-2150-4122-9ff4-e08a6ef0afe4</AD_Element_UU>
            <Placeholder/>
            <AD_Element_Trl type="translation">
                <Description/>
                <Help/>
                <Name>まとめ請求書</Name>
                <PO_Description/>
                <PO_Help/>
                <PO_Name>支払依頼伝票</PO_Name>
                <PO_PrintName>支払依頼伝票</PO_PrintName>
                <Placeholder/>
                <PrintName>まとめ請求書</PrintName>
                <AD_Language>ja_JP</AD_Language>
                <IsActive>Y</IsActive>
                <IsTranslated>N</IsTranslated>
            </AD_Element_Trl>
        </AD_Element>
        <AD_Process_Para type="table">
            <AD_Client_ID>0</AD_Client_ID>
            <AD_Org_ID>0</AD_Org_ID>
            <IsActive>N</IsActive>
            <Name>Bill</Name>
            <Description/>
            <Help/>
            <AD_Process_ID reference="uuid" reference-key="AD_Process">87d9d4a0-935e-4dcd-8552-4faf19104b80</AD_Process_ID>
            <SeqNo>40</SeqNo>
            <AD_Reference_ID reference="id">30</AD_Reference_ID>
            <AD_Reference_Value_ID reference="uuid" reference-key="AD_Reference">7332e170-656d-405f-9577-aeca18a82cb3</AD_Reference_Value_ID>
            <IsRange>N</IsRange>
            <AD_Val_Rule_ID reference="id"/>
            <FieldLength>10</FieldLength>
            <IsMandatory>N</IsMandatory>
            <DefaultValue/>
            <VFormat/>
            <ValueMin/>
            <ValueMax/>
            <ColumnName>JP_Bill_ID</ColumnName>
            <DefaultValue2/>
            <IsCentrallyMaintained>Y</IsCentrallyMaintained>
            <EntityType>JP</EntityType>
            <AD_Element_ID reference="uuid" reference-key="AD_Element">b625be63-2150-4122-9ff4-e08a6ef0afe4</AD_Element_ID>
            <ReadOnlyLogic/>
            <DisplayLogic/>
            <AD_Process_Para_UU>36db055e-3b2b-4186-a7ed-a419a17ad4ed</AD_Process_Para_UU>
            <IsEncrypted>N</IsEncrypted>
            <MandatoryLogic/>
            <Query/>
            <AD_FieldGroup_ID reference="id"/>
            <Placeholder/>
            <Placeholder2/>
            <IsAutocomplete>N</IsAutocomplete>
            <DateRangeOption>D</DateRangeOption>
            <IsShowNegateButton>N</IsShowNegateButton>
            <AD_Process_Para_Trl type="translation">
                <Description/>
                <Help/>
                <Name>まとめ請求書</Name>
                <Placeholder/>
                <Placeholder2/>
                <AD_Language>ja_JP</AD_Language>
                <IsActive>Y</IsActive>
                <IsTranslated>N</IsTranslated>
            </AD_Process_Para_Trl>
        </AD_Process_Para>
        <AD_Val_Rule type="table">
            <AD_Client_ID>0</AD_Client_ID>
            <AD_Org_ID>0</AD_Org_ID>
            <Name>JP C_DocType JPB or JPP</Name>
            <Description>JPIERE Document Type for Bills</Description>
            <Type>S</Type>
            <Code>C_DocType.DocBaseType IN ('JPB', 'JPP') AND C_DocType.IsSOTrx='@IsSOTrx@' AND C_DocType.AD_Client_ID=@#AD_Client_ID@</Code>
            <IsActive>Y</IsActive>
            <EntityType>JP</EntityType>
            <AD_Val_Rule_UU>d2ca7f7d-0f6f-4a42-8c54-01bdc723e98a</AD_Val_Rule_UU>
        </AD_Val_Rule>
        <AD_Process_Para type="table">
            <AD_Client_ID>0</AD_Client_ID>
            <AD_Org_ID>0</AD_Org_ID>
            <IsActive>N</IsActive>
            <Name>Document Type</Name>
            <Description>Document type or rules</Description>
            <Help>The Document Type determines document sequence and processing rules</Help>
            <AD_Process_ID reference="uuid" reference-key="AD_Process">87d9d4a0-935e-4dcd-8552-4faf19104b80</AD_Process_ID>
            <SeqNo>60</SeqNo>
            <AD_Reference_ID reference="id">18</AD_Reference_ID>
            <AD_Reference_Value_ID reference="id">170</AD_Reference_Value_ID>
            <IsRange>N</IsRange>
            <AD_Val_Rule_ID reference="uuid" reference-key="AD_Val_Rule">d2ca7f7d-0f6f-4a42-8c54-01bdc723e98a</AD_Val_Rule_ID>
            <FieldLength>0</FieldLength>
            <IsMandatory>N</IsMandatory>
            <DefaultValue/>
            <VFormat/>
            <ValueMin/>
            <ValueMax/>
            <ColumnName>C_DocType_ID</ColumnName>
            <DefaultValue2/>
            <IsCentrallyMaintained>Y</IsCentrallyMaintained>
            <EntityType>JP</EntityType>
            <AD_Element_ID reference="id">196</AD_Element_ID>
            <ReadOnlyLogic/>
            <DisplayLogic/>
            <AD_Process_Para_UU>05116648-ab01-44ec-92d4-20fa3cfff64f</AD_Process_Para_UU>
            <IsEncrypted>N</IsEncrypted>
            <MandatoryLogic/>
            <Query/>
            <AD_FieldGroup_ID reference="id"/>
            <Placeholder/>
            <Placeholder2/>
            <IsAutocomplete>N</IsAutocomplete>
            <DateRangeOption>D</DateRangeOption>
            <IsShowNegateButton>N</IsShowNegateButton>
            <AD_Process_Para_Trl type="translation">
                <Description/>
                <Help>iDempiereは「伝票（Document）」の概念を使用して業務を管理するシステムです。iDempiereで使用する伝票の多くに、「伝票タイプ(Document Type)」フィールドがあり、伝票を伝票タイプにより区分管理する事ができるようになっています。</Help>
                <Name>伝票タイプ</Name>
                <Placeholder/>
                <Placeholder2/>
                <AD_Language>ja_JP</AD_Language>
                <IsActive>Y</IsActive>
                <IsTranslated>Y</IsTranslated>
            </AD_Process_Para_Trl>
        </AD_Process_Para>
        <AD_Process_Para type="table">
            <AD_Client_ID>0</AD_Client_ID>
            <AD_Org_ID>0</AD_Org_ID>
            <IsActive>N</IsActive>
            <Name>Printed</Name>
            <Description>Indicates if this document / line is printed</Description>
            <Help>The Printed checkbox indicates if this document or line will included when printing.</Help>
            <AD_Process_ID reference="uuid" reference-key="AD_Process">87d9d4a0-935e-4dcd-8552-4faf19104b80</AD_Process_ID>
            <SeqNo>80</SeqNo>
            <AD_Reference_ID reference="id">17</AD_Reference_ID>
            <AD_Reference_Value_ID reference="id">319</AD_Reference_Value_ID>
            <IsRange>N</IsRange>
            <AD_Val_Rule_ID reference="id"/>
            <FieldLength>0</FieldLength>
            <IsMandatory>N</IsMandatory>
            <DefaultValue/>
            <VFormat/>
            <ValueMin/>
            <ValueMax/>
            <ColumnName>IsPrinted</ColumnName>
            <DefaultValue2/>
            <IsCentrallyMaintained>Y</IsCentrallyMaintained>
            <EntityType>JP</EntityType>
            <AD_Element_ID reference="id">399</AD_Element_ID>
            <ReadOnlyLogic/>
            <DisplayLogic/>
            <AD_Process_Para_UU>8a247ac2-ed1d-445f-9313-a09c50bd20ee</AD_Process_Para_UU>
            <IsEncrypted>N</IsEncrypted>
            <MandatoryLogic/>
            <Query/>
            <AD_FieldGroup_ID reference="id"/>
            <Placeholder/>
            <Placeholder2/>
            <IsAutocomplete>N</IsAutocomplete>
            <DateRangeOption>D</DateRangeOption>
            <IsShowNegateButton>N</IsShowNegateButton>
            <AD_Process_Para_Trl type="translation">
                <Description/>
                <Help/>
                <Name>印刷済み</Name>
                <Placeholder/>
                <Placeholder2/>
                <AD_Language>ja_JP</AD_Language>
                <IsActive>Y</IsActive>
                <IsTranslated>Y</IsTranslated>
            </AD_Process_Para_Trl>
        </AD_Process_Para>
        <AD_Process_Para type="table">
            <AD_Client_ID>0</AD_Client_ID>
            <AD_Org_ID>0</AD_Org_ID>
            <IsActive>N</IsActive>
            <Name>Payment Rule</Name>
            <Description>How you pay the invoice</Description>
            <Help>The Payment Rule indicates the method of invoice payment.</Help>
            <AD_Process_ID reference="uuid" reference-key="AD_Process">87d9d4a0-935e-4dcd-8552-4faf19104b80</AD_Process_ID>
            <SeqNo>90</SeqNo>
            <AD_Reference_ID reference="id">17</AD_Reference_ID>
            <AD_Reference_Value_ID reference="id">195</AD_Reference_Value_ID>
            <IsRange>N</IsRange>
            <AD_Val_Rule_ID reference="id"/>
            <FieldLength>1</FieldLength>
            <IsMandatory>N</IsMandatory>
            <DefaultValue/>
            <VFormat/>
            <ValueMin/>
            <ValueMax/>
            <ColumnName>PaymentRule</ColumnName>
            <DefaultValue2/>
            <IsCentrallyMaintained>Y</IsCentrallyMaintained>
            <EntityType>JP</EntityType>
            <AD_Element_ID reference="id">1143</AD_Element_ID>
            <ReadOnlyLogic/>
            <DisplayLogic/>
            <AD_Process_Para_UU>8eaa4b3f-4c18-40eb-b5b1-87870d29a15a</AD_Process_Para_UU>
            <IsEncrypted>N</IsEncrypted>
            <MandatoryLogic/>
            <Query/>
            <AD_FieldGroup_ID reference="id"/>
            <Placeholder/>
            <Placeholder2/>
            <IsAutocomplete>N</IsAutocomplete>
            <DateRangeOption>D</DateRangeOption>
            <IsShowNegateButton>N</IsShowNegateButton>
            <AD_Process_Para_Trl type="translation">
                <Description/>
                <Help/>
                <Name>支払方法</Name>
                <Placeholder/>
                <Placeholder2/>
                <AD_Language>ja_JP</AD_Language>
                <IsActive>Y</IsActive>
                <IsTranslated>Y</IsTranslated>
            </AD_Process_Para_Trl>
        </AD_Process_Para>
        <AD_Process_Para type="table">
            <AD_Client_ID>0</AD_Client_ID>
            <AD_Org_ID>0</AD_Org_ID>
            <IsActive>N</IsActive>
            <Name>Payment Term</Name>
            <Description>The terms of Payment (timing, discount)</Description>
            <Help>Payment Terms identify the method and timing of payment.</Help>
            <AD_Process_ID reference="uuid" reference-key="AD_Process">87d9d4a0-935e-4dcd-8552-4faf19104b80</AD_Process_ID>
            <SeqNo>100</SeqNo>
            <AD_Reference_ID reference="id">19</AD_Reference_ID>
            <AD_Reference_Value_ID reference="id"/>
            <IsRange>N</IsRange>
            <AD_Val_Rule_ID reference="id">52098</AD_Val_Rule_ID>
            <FieldLength>22</FieldLength>
            <IsMandatory>N</IsMandatory>
            <DefaultValue/>
            <VFormat/>
            <ValueMin/>
            <ValueMax/>
            <ColumnName>C_PaymentTerm_ID</ColumnName>
            <DefaultValue2/>
            <IsCentrallyMaintained>Y</IsCentrallyMaintained>
            <EntityType>JP</EntityType>
            <AD_Element_ID reference="id">204</AD_Element_ID>
            <ReadOnlyLogic/>
            <DisplayLogic/>
            <AD_Process_Para_UU>843e1a2d-2f48-4504-9215-c2d49dcf1de2</AD_Process_Para_UU>
            <IsEncrypted>N</IsEncrypted>
            <MandatoryLogic/>
            <Query/>
            <AD_FieldGroup_ID reference="id"/>
            <Placeholder/>
            <Placeholder2/>
            <IsAutocomplete>N</IsAutocomplete>
            <DateRangeOption>D</DateRangeOption>
            <IsShowNegateButton>N</IsShowNegateButton>
            <AD_Process_Para_Trl type="translation">
                <Description/>
                <Help/>
                <Name>支払条件</Name>
                <Placeholder/>
                <Placeholder2/>
                <AD_Language>ja_JP</AD_Language>
                <IsActive>Y</IsActive>
                <IsTranslated>Y</IsTranslated>
            </AD_Process_Para_Trl>
        </AD_Process_Para>
        <AD_Process_Para type="table">
            <AD_Client_ID>0</AD_Client_ID>
            <AD_Org_ID>0</AD_Org_ID>
            <IsActive>N</IsActive>
            <Name>Document Status</Name>
            <Description>The current status of the document</Description>
            <Help>The Document Status indicates the status of a document at this time.  If you want to change the document status, use the Document Action field</Help>
            <AD_Process_ID reference="uuid" reference-key="AD_Process">87d9d4a0-935e-4dcd-8552-4faf19104b80</AD_Process_ID>
            <SeqNo>110</SeqNo>
            <AD_Reference_ID reference="id">17</AD_Reference_ID>
            <AD_Reference_Value_ID reference="id">131</AD_Reference_Value_ID>
            <IsRange>N</IsRange>
            <AD_Val_Rule_ID reference="id"/>
            <FieldLength>0</FieldLength>
            <IsMandatory>N</IsMandatory>
            <DefaultValue/>
            <VFormat/>
            <ValueMin/>
            <ValueMax/>
            <ColumnName>DocStatus</ColumnName>
            <DefaultValue2/>
            <IsCentrallyMaintained>Y</IsCentrallyMaintained>
            <EntityType>JP</EntityType>
            <AD_Element_ID reference="id">289</AD_Element_ID>
            <ReadOnlyLogic/>
            <DisplayLogic/>
            <AD_Process_Para_UU>3d251114-44a9-4379-9dc8-e33509f815d7</AD_Process_Para_UU>
            <IsEncrypted>N</IsEncrypted>
            <MandatoryLogic/>
            <Query/>
            <AD_FieldGroup_ID reference="id"/>
            <Placeholder/>
            <Placeholder2/>
            <IsAutocomplete>N</IsAutocomplete>
            <DateRangeOption>D</DateRangeOption>
            <IsShowNegateButton>N</IsShowNegateButton>
            <AD_Process_Para_Trl type="translation">
                <Description/>
                <Help/>
                <Name>伝票ステータス</Name>
                <Placeholder/>
                <Placeholder2/>
                <AD_Language>ja_JP</AD_Language>
                <IsActive>Y</IsActive>
                <IsTranslated>Y</IsTranslated>
            </AD_Process_Para_Trl>
        </AD_Process_Para>
        <AD_Element type="table">
            <AD_Client_ID>0</AD_Client_ID>
            <AD_Org_ID>0</AD_Org_ID>
            <IsActive>Y</IsActive>
            <ColumnName>IsAttachmentFileJP</ColumnName>
            <Name>Attachment File</Name>
            <Description/>
            <Help/>
            <PrintName>Attachment File</PrintName>
            <PO_Description/>
            <PO_Help/>
            <PO_Name/>
            <PO_PrintName/>
            <EntityType>JP</EntityType>
            <AD_Element_UU>4912876a-6a7b-4317-ae34-893ef5a8ed64</AD_Element_UU>
            <Placeholder/>
            <AD_Element_Trl type="translation">
                <Description/>
                <Help/>
                <Name>添付ファイルとして保存する</Name>
                <PO_Description/>
                <PO_Help/>
                <PO_Name/>
                <PO_PrintName/>
                <Placeholder/>
                <PrintName>添付ファイルとして保存する</PrintName>
                <AD_Language>ja_JP</AD_Language>
                <IsActive>Y</IsActive>
                <IsTranslated>N</IsTranslated>
            </AD_Element_Trl>
        </AD_Element>
        <AD_Process_Para type="table">
            <AD_Client_ID>0</AD_Client_ID>
            <AD_Org_ID>0</AD_Org_ID>
            <IsActive>Y</IsActive>
            <Name>Attachment File</Name>
            <Description/>
            <Help/>
            <AD_Process_ID reference="uuid" reference-key="AD_Process">87d9d4a0-935e-4dcd-8552-4faf19104b80</AD_Process_ID>
            <SeqNo>120</SeqNo>
            <AD_Reference_ID reference="id">20</AD_Reference_ID>
            <AD_Reference_Value_ID reference="id"/>
            <IsRange>N</IsRange>
            <AD_Val_Rule_ID reference="id"/>
            <FieldLength>0</FieldLength>
            <IsMandatory>Y</IsMandatory>
            <DefaultValue>N</DefaultValue>
            <VFormat/>
            <ValueMin/>
            <ValueMax/>
            <ColumnName>IsAttachmentFileJP</ColumnName>
            <DefaultValue2/>
            <IsCentrallyMaintained>Y</IsCentrallyMaintained>
            <EntityType>JP</EntityType>
            <AD_Element_ID reference="uuid" reference-key="AD_Element">4912876a-6a7b-4317-ae34-893ef5a8ed64</AD_Element_ID>
            <ReadOnlyLogic/>
            <DisplayLogic/>
            <AD_Process_Para_UU>5c49048c-02f1-48ba-b77a-aced1355c279</AD_Process_Para_UU>
            <IsEncrypted>N</IsEncrypted>
            <MandatoryLogic/>
            <Query/>
            <AD_FieldGroup_ID reference="id"/>
            <Placeholder/>
            <Placeholder2/>
            <IsAutocomplete>N</IsAutocomplete>
            <DateRangeOption>D</DateRangeOption>
            <IsShowNegateButton>N</IsShowNegateButton>
            <AD_Process_Para_Trl type="translation">
                <Description/>
                <Help/>
                <Name>添付ファイルとして保存する</Name>
                <Placeholder/>
                <Placeholder2/>
                <AD_Language>ja_JP</AD_Language>
                <IsActive>Y</IsActive>
                <IsTranslated>N</IsTranslated>
            </AD_Process_Para_Trl>
        </AD_Process_Para>
        <AD_Process_Para type="table">
            <AD_Client_ID>0</AD_Client_ID>
            <AD_Org_ID>0</AD_Org_ID>
            <IsActive>Y</IsActive>
            <Name>EMail PDF</Name>
            <Description>Email Document PDF files to Business Partner</Description>
            <Help/>
            <AD_Process_ID reference="uuid" reference-key="AD_Process">87d9d4a0-935e-4dcd-8552-4faf19104b80</AD_Process_ID>
            <SeqNo>10</SeqNo>
            <AD_Reference_ID reference="id">20</AD_Reference_ID>
            <AD_Reference_Value_ID reference="id"/>
            <IsRange>N</IsRange>
            <AD_Val_Rule_ID reference="id"/>
            <FieldLength>0</FieldLength>
            <IsMandatory>N</IsMandatory>
            <DefaultValue/>
            <VFormat/>
            <ValueMin/>
            <ValueMax/>
            <ColumnName>EMailPDF</ColumnName>
            <DefaultValue2/>
            <IsCentrallyMaintained>Y</IsCentrallyMaintained>
            <EntityType>JP</EntityType>
            <AD_Element_ID reference="id">1953</AD_Element_ID>
            <ReadOnlyLogic/>
            <DisplayLogic/>
            <AD_Process_Para_UU>7159046c-8998-4e7e-bd8e-2df241d8260d</AD_Process_Para_UU>
            <IsEncrypted>N</IsEncrypted>
            <MandatoryLogic/>
            <Query/>
            <AD_FieldGroup_ID reference="id"/>
            <Placeholder/>
            <Placeholder2/>
            <IsAutocomplete>N</IsAutocomplete>
            <DateRangeOption>D</DateRangeOption>
            <IsShowNegateButton>N</IsShowNegateButton>
            <AD_Process_Para_Trl type="translation">
                <Description/>
                <Help/>
                <Name>メール添付(PDF形式)</Name>
                <Placeholder/>
                <Placeholder2/>
                <AD_Language>ja_JP</AD_Language>
                <IsActive>Y</IsActive>
                <IsTranslated>Y</IsTranslated>
            </AD_Process_Para_Trl>
        </AD_Process_Para>
        <AD_Reference type="table">
            <AD_Client_ID>0</AD_Client_ID>
            <AD_Org_ID>0</AD_Org_ID>
            <Name>JP AD_Org - AD_Org_ID &lt;&gt; 0  AND IsSummary='N'</Name>
            <Description>JPIERE-0114:JPCS</Description>
            <Help>Organization selection, no summary, no 0</Help>
            <ValidationType>T</ValidationType>
            <IsActive>Y</IsActive>
            <VFormat/>
            <EntityType>JP</EntityType>
            <IsOrderByValue>N</IsOrderByValue>
            <AD_Reference_UU>20fcde69-1c98-4d26-a5ed-b58f13f452db</AD_Reference_UU>
            <AD_Element_ID reference="id"/>
            <ShowInactive>N</ShowInactive>
            <AD_Reference_Trl type="translation">
                <Description>JPIERE-0114:JPCS</Description>
                <Help/>
                <Name>JP AD_Org - AD_Org_ID&lt;&gt;0 AND IsSummary='N'</Name>
                <AD_Language>ja_JP</AD_Language>
                <IsActive>Y</IsActive>
                <IsTranslated>N</IsTranslated>
            </AD_Reference_Trl>
            <AD_Ref_Table type="table">
                <AD_Client_ID>0</AD_Client_ID>
                <AD_Org_ID>0</AD_Org_ID>
                <AD_Reference_ID reference="uuid" reference-key="AD_Reference">20fcde69-1c98-4d26-a5ed-b58f13f452db</AD_Reference_ID>
                <AD_Table_ID reference="id">155</AD_Table_ID>
                <WhereClause>AD_Org.AD_Org_ID &lt;&gt; 0  AND AD_Org.IsSummary='N'</WhereClause>
                <OrderByClause>AD_Org.Name</OrderByClause>
                <IsActive>Y</IsActive>
                <IsValueDisplayed>N</IsValueDisplayed>
                <EntityType>JP</EntityType>
                <AD_Window_ID reference="id"/>
                <AD_Ref_Table_UU>409fd3ad-6c49-4a99-a245-523f48d67447</AD_Ref_Table_UU>
                <AD_InfoWindow_ID reference="uuid" reference-key="AD_InfoWindow">021c931a-5b69-4157-875e-306a69f21fce</AD_InfoWindow_ID>
                <AD_Display reference="id">522</AD_Display>
                <AD_Key reference="id">528</AD_Key>
            </AD_Ref_Table>
        </AD_Reference>
        <AD_Process_Para type="table">
            <AD_Client_ID>0</AD_Client_ID>
            <AD_Org_ID>0</AD_Org_ID>
            <IsActive>N</IsActive>
            <Name>Organization</Name>
            <Description>Organizational entity within tenant</Description>
            <Help>An organization is a unit of your tenant or legal entity - examples are store, department. You can share data between organizations.</Help>
            <AD_Process_ID reference="uuid" reference-key="AD_Process">87d9d4a0-935e-4dcd-8552-4faf19104b80</AD_Process_ID>
            <SeqNo>18</SeqNo>
            <AD_Reference_ID reference="id">30</AD_Reference_ID>
            <AD_Reference_Value_ID reference="uuid" reference-key="AD_Reference">20fcde69-1c98-4d26-a5ed-b58f13f452db</AD_Reference_Value_ID>
            <IsRange>N</IsRange>
            <AD_Val_Rule_ID reference="id"/>
            <FieldLength>0</FieldLength>
            <IsMandatory>N</IsMandatory>
            <DefaultValue>null</DefaultValue>
            <VFormat/>
            <ValueMin/>
            <ValueMax/>
            <ColumnName>AD_Org_ID</ColumnName>
            <DefaultValue2/>
            <IsCentrallyMaintained>Y</IsCentrallyMaintained>
            <EntityType>JP</EntityType>
            <AD_Element_ID reference="id">113</AD_Element_ID>
            <ReadOnlyLogic/>
            <DisplayLogic/>
            <AD_Process_Para_UU>a6a3d7fb-7f30-4115-9f2e-93a9fddbeb93</AD_Process_Para_UU>
            <IsEncrypted>N</IsEncrypted>
            <MandatoryLogic/>
            <Query/>
            <AD_FieldGroup_ID reference="id"/>
            <Placeholder/>
            <Placeholder2/>
            <IsAutocomplete>N</IsAutocomplete>
            <DateRangeOption>D</DateRangeOption>
            <IsShowNegateButton>N</IsShowNegateButton>
            <AD_Process_Para_Trl type="translation">
                <Description/>
                <Help>組織はクライアントの次に大きなシステム的な枠組みです。組織は必ず1つのクライアントに所属する事になります。iDempiere/JPiereを使用する際には、組織をどのように使用するのか定義する必要があります。</Help>
                <Name>組織</Name>
                <Placeholder/>
                <Placeholder2/>
                <AD_Language>ja_JP</AD_Language>
                <IsActive>Y</IsActive>
                <IsTranslated>Y</IsTranslated>
            </AD_Process_Para_Trl>
        </AD_Process_Para>
        <AD_Process_Para type="table">
            <AD_Client_ID>0</AD_Client_ID>
            <AD_Org_ID>0</AD_Org_ID>
            <IsActive>N</IsActive>
            <Name>Document No</Name>
            <Description>Document sequence number of the document</Description>
            <Help>The document number is usually automatically generated by the system and determined by the document type of the document. If the document is not saved, the preliminary number is displayed in "&lt;&gt;".

If the document type of your document has no automatic document sequence defined, the field is empty if you create a new document. This is for documents which usually have an external number (like vendor invoice).  If you leave the field empty, the system will generate a document number for you. The document sequence used for this fallback number is defined in the "Maintain Sequence" window with the name "DocumentNo_&lt;TableName&gt;", where TableName is the actual name of the table (e.g. C_Order).</Help>
            <AD_Process_ID reference="uuid" reference-key="AD_Process">87d9d4a0-935e-4dcd-8552-4faf19104b80</AD_Process_ID>
            <SeqNo>50</SeqNo>
            <AD_Reference_ID reference="id">10</AD_Reference_ID>
            <AD_Reference_Value_ID reference="id"/>
            <IsRange>Y</IsRange>
            <AD_Val_Rule_ID reference="id"/>
            <FieldLength>20</FieldLength>
            <IsMandatory>N</IsMandatory>
            <DefaultValue/>
            <VFormat/>
            <ValueMin/>
            <ValueMax/>
            <ColumnName>DocumentNo</ColumnName>
            <DefaultValue2/>
            <IsCentrallyMaintained>Y</IsCentrallyMaintained>
            <EntityType>JP</EntityType>
            <AD_Element_ID reference="id">290</AD_Element_ID>
            <ReadOnlyLogic/>
            <DisplayLogic/>
            <AD_Process_Para_UU>b5e63fc3-18a4-4384-a515-a7b693baabc0</AD_Process_Para_UU>
            <IsEncrypted>N</IsEncrypted>
            <MandatoryLogic/>
            <Query/>
            <AD_FieldGroup_ID reference="id"/>
            <Placeholder/>
            <Placeholder2/>
            <IsAutocomplete>N</IsAutocomplete>
            <DateRangeOption>D</DateRangeOption>
            <IsShowNegateButton>N</IsShowNegateButton>
            <AD_Process_Para_Trl type="translation">
                <Description/>
                <Help>伝票を識別するための番号です。iDempiereでは自動採番にする事も手動で採番する事もできます。</Help>
                <Name>伝票番号</Name>
                <Placeholder/>
                <Placeholder2/>
                <AD_Language>ja_JP</AD_Language>
                <IsActive>Y</IsActive>
                <IsTranslated>Y</IsTranslated>
            </AD_Process_Para_Trl>
        </AD_Process_Para>
    </AD_Process>
</idempiere>
