<?xml version="1.0" encoding="UTF-8"?><idempiere Name="20241120_JPIERE-0629-01" Version="11" idempiereVersion="" DataBaseVersion="" Description="JPPS: Consolidated Product - Preparation" Author="" AuthorEmail="" CreatedDate="2024-11-20 11:33:38.405" UpdatedDate="2024-12-01 14:37:10.978" PackOutVersion="100" UpdateDictionary="false" Client="0-SYSTEM-System" AD_Client_UU="11237b53-9592-4af1-b3c5-afd216514b5d">
    <AD_EntityType type="table">
        <AD_Client_ID>0</AD_Client_ID>
        <AD_Org_ID>0</AD_Org_ID>
        <EntityType>JP</EntityType>
        <IsActive>Y</IsActive>
        <Name>JPiere</Name>
        <Description/>
        <Help/>
        <Version/>
        <ModelPackage/>
        <Classpath/>
        <Processing>N</Processing>
        <AD_EntityType_UU>4ac0fff6-1d78-4822-82cc-eea8167ad696</AD_EntityType_UU>
    </AD_EntityType>
    <AD_FieldGroup type="table">
        <AD_Client_ID>0</AD_Client_ID>
        <AD_Org_ID>0</AD_Org_ID>
        <IsActive>Y</IsActive>
        <Name>- Purchasing Info</Name>
        <EntityType>JP</EntityType>
        <FieldGroupType>L</FieldGroupType>
        <IsCollapsedByDefault>N</IsCollapsedByDefault>
        <AD_FieldGroup_UU>95e22029-2fad-480f-b48d-2955d8287c14</AD_FieldGroup_UU>
        <AD_FieldGroup_Trl type="translation">
            <Name>- 購買情報</Name>
            <AD_Language>ja_JP</AD_Language>
            <IsActive>Y</IsActive>
            <IsTranslated>N</IsTranslated>
        </AD_FieldGroup_Trl>
    </AD_FieldGroup>
    <AD_InfoWindow type="table">
        <AD_Client_ID>0</AD_Client_ID>
        <AD_Org_ID>0</AD_Org_ID>
        <IsActive>Y</IsActive>
        <Name>Organization Search</Name>
        <Description>JPIERE-0114:JPPS</Description>
        <Help/>
        <AD_Table_ID reference="id">155</AD_Table_ID>
        <EntityType>JP</EntityType>
        <FromClause>AD_Org a</FromClause>
        <OtherClause/>
        <Processing>N</Processing>
        <AD_InfoWindow_UU>021c931a-5b69-4157-875e-306a69f21fce</AD_InfoWindow_UU>
        <WhereClause/>
        <IsDefault>N</IsDefault>
        <IsDistinct>N</IsDistinct>
        <OrderByClause>a.Value</OrderByClause>
        <IsValid>Y</IsValid>
        <AD_CtxHelp_ID reference="id"/>
        <ImageURL/>
        <SeqNo>1140</SeqNo>
        <IsShowInDashboard>N</IsShowInDashboard>
        <MaxQueryRecords>100</MaxQueryRecords>
        <isLoadPageNum>Y</isLoadPageNum>
        <PagingSize>0</PagingSize>
        <AD_Window_ID reference="id"/>
        <PO_Window_ID reference="id"/>
        <AD_InfoWindow_Trl type="translation">
            <Description>JPIERE-0114:JPPS</Description>
            <Help/>
            <Name>組織マスタ検索</Name>
            <AD_Language>ja_JP</AD_Language>
            <IsActive>Y</IsActive>
            <IsTranslated>N</IsTranslated>
        </AD_InfoWindow_Trl>
        <AD_InfoColumn type="table">
            <AD_Client_ID>0</AD_Client_ID>
            <AD_Org_ID>0</AD_Org_ID>
            <IsActive>Y</IsActive>
            <Name>Search Key</Name>
            <Description>Search key for the record in the format required - must be unique</Description>
            <Help>A search key allows you a fast method of finding a particular record.
If you leave the search key empty, the system automatically creates a numeric number.  The document sequence used for this fallback number is defined in the "Maintain Sequence" window with the name "DocumentNo_&lt;TableName&gt;", where TableName is the actual name of the table (e.g. C_Order).</Help>
            <AD_InfoWindow_ID reference="uuid" reference-key="AD_InfoWindow">021c931a-5b69-4157-875e-306a69f21fce</AD_InfoWindow_ID>
            <EntityType>JP</EntityType>
            <SelectClause>a.Value</SelectClause>
            <SeqNo>10</SeqNo>
            <IsDisplayed>Y</IsDisplayed>
            <IsQueryCriteria>Y</IsQueryCriteria>
            <AD_Element_ID reference="id">620</AD_Element_ID>
            <AD_Reference_ID reference="id">10</AD_Reference_ID>
            <AD_InfoColumn_UU>f3de9e05-9816-42ca-9fb5-8dd8585c2776</AD_InfoColumn_UU>
            <AD_Reference_Value_ID reference="id"/>
            <AD_Val_Rule_ID reference="id"/>
            <IsCentrallyMaintained>Y</IsCentrallyMaintained>
            <DisplayLogic/>
            <ColumnName>Value</ColumnName>
            <QueryOperator>Like</QueryOperator>
            <QueryFunction>Upper</QueryFunction>
            <IsIdentifier>Y</IsIdentifier>
            <SeqNoSelection>0</SeqNoSelection>
            <DefaultValue/>
            <IsMandatory>N</IsMandatory>
            <IsKey>N</IsKey>
            <IsReadOnly>Y</IsReadOnly>
            <Placeholder/>
            <InputFieldValidation/>
            <AD_FieldStyle_ID reference="id"/>
            <IsAutocomplete>N</IsAutocomplete>
            <IsQueryAfterChange>N</IsQueryAfterChange>
            <IsRange>N</IsRange>
            <DefaultValue2/>
            <Placeholder2/>
            <AD_InfoColumn_Trl type="translation">
                <Description/>
                <Help/>
                <Name>検索キー</Name>
                <Placeholder/>
                <Placeholder2/>
                <AD_Language>ja_JP</AD_Language>
                <IsActive>Y</IsActive>
                <IsTranslated>Y</IsTranslated>
            </AD_InfoColumn_Trl>
        </AD_InfoColumn>
        <AD_InfoColumn type="table">
            <AD_Client_ID>0</AD_Client_ID>
            <AD_Org_ID>0</AD_Org_ID>
            <IsActive>Y</IsActive>
            <Name>Summary Level</Name>
            <Description>This is a summary entity</Description>
            <Help>A summary entity represents a branch in a tree rather than an end-node. Summary entities are used for reporting and do not have own values.</Help>
            <AD_InfoWindow_ID reference="uuid" reference-key="AD_InfoWindow">021c931a-5b69-4157-875e-306a69f21fce</AD_InfoWindow_ID>
            <EntityType>JP</EntityType>
            <SelectClause>a.IsSummary</SelectClause>
            <SeqNo>40</SeqNo>
            <IsDisplayed>Y</IsDisplayed>
            <IsQueryCriteria>N</IsQueryCriteria>
            <AD_Element_ID reference="id">416</AD_Element_ID>
            <AD_Reference_ID reference="id">20</AD_Reference_ID>
            <AD_InfoColumn_UU>4fe3efaa-e288-4b1f-a571-ad19e97e59c5</AD_InfoColumn_UU>
            <AD_Reference_Value_ID reference="id"/>
            <AD_Val_Rule_ID reference="id"/>
            <IsCentrallyMaintained>Y</IsCentrallyMaintained>
            <DisplayLogic/>
            <ColumnName>IsSummary</ColumnName>
            <QueryOperator/>
            <QueryFunction/>
            <IsIdentifier>N</IsIdentifier>
            <SeqNoSelection>0</SeqNoSelection>
            <DefaultValue/>
            <IsMandatory>N</IsMandatory>
            <IsKey>N</IsKey>
            <IsReadOnly>Y</IsReadOnly>
            <Placeholder/>
            <InputFieldValidation/>
            <AD_FieldStyle_ID reference="id"/>
            <IsAutocomplete>N</IsAutocomplete>
            <IsQueryAfterChange>N</IsQueryAfterChange>
            <IsRange>N</IsRange>
            <DefaultValue2/>
            <Placeholder2/>
            <AD_InfoColumn_Trl type="translation">
                <Description/>
                <Help/>
                <Name>サマリー階層</Name>
                <Placeholder/>
                <Placeholder2/>
                <AD_Language>ja_JP</AD_Language>
                <IsActive>Y</IsActive>
                <IsTranslated>Y</IsTranslated>
            </AD_InfoColumn_Trl>
        </AD_InfoColumn>
        <AD_InfoColumn type="table">
            <AD_Client_ID>0</AD_Client_ID>
            <AD_Org_ID>0</AD_Org_ID>
            <IsActive>Y</IsActive>
            <Name>Description</Name>
            <Description>Optional short description of the record</Description>
            <Help>A description is limited to 255 characters.</Help>
            <AD_InfoWindow_ID reference="uuid" reference-key="AD_InfoWindow">021c931a-5b69-4157-875e-306a69f21fce</AD_InfoWindow_ID>
            <EntityType>JP</EntityType>
            <SelectClause>a.Description</SelectClause>
            <SeqNo>30</SeqNo>
            <IsDisplayed>Y</IsDisplayed>
            <IsQueryCriteria>Y</IsQueryCriteria>
            <AD_Element_ID reference="id">275</AD_Element_ID>
            <AD_Reference_ID reference="id">10</AD_Reference_ID>
            <AD_InfoColumn_UU>884d7cd2-ee3c-43bd-86f7-710c85719527</AD_InfoColumn_UU>
            <AD_Reference_Value_ID reference="id"/>
            <AD_Val_Rule_ID reference="id"/>
            <IsCentrallyMaintained>Y</IsCentrallyMaintained>
            <DisplayLogic/>
            <ColumnName>Description</ColumnName>
            <QueryOperator>Like</QueryOperator>
            <QueryFunction>Upper</QueryFunction>
            <IsIdentifier>N</IsIdentifier>
            <SeqNoSelection>0</SeqNoSelection>
            <DefaultValue/>
            <IsMandatory>N</IsMandatory>
            <IsKey>N</IsKey>
            <IsReadOnly>Y</IsReadOnly>
            <Placeholder/>
            <InputFieldValidation/>
            <AD_FieldStyle_ID reference="id"/>
            <IsAutocomplete>N</IsAutocomplete>
            <IsQueryAfterChange>N</IsQueryAfterChange>
            <IsRange>N</IsRange>
            <DefaultValue2/>
            <Placeholder2/>
            <AD_InfoColumn_Trl type="translation">
                <Description/>
                <Help>伝票の説明欄に入力した情報は、自動仕訳の説明欄に引き継がれます。</Help>
                <Name>説明欄</Name>
                <Placeholder/>
                <Placeholder2/>
                <AD_Language>ja_JP</AD_Language>
                <IsActive>Y</IsActive>
                <IsTranslated>Y</IsTranslated>
            </AD_InfoColumn_Trl>
        </AD_InfoColumn>
        <AD_InfoColumn type="table">
            <AD_Client_ID>0</AD_Client_ID>
            <AD_Org_ID>0</AD_Org_ID>
            <IsActive>Y</IsActive>
            <Name>Active</Name>
            <Description>The record is active in the system</Description>
            <Help>There are two methods of making records unavailable in the system: One is to delete the record, the other is to de-activate the record. A de-activated record is not available for selection, but available for reports.
There are two reasons for de-activating and not deleting records:
(1) The system requires the record for audit purposes.
(2) The record is referenced by other records. E.g., you cannot delete a Business Partner, if there are invoices for this partner record existing. You de-activate the Business Partner and prevent that this record is used for future entries.</Help>
            <AD_InfoWindow_ID reference="uuid" reference-key="AD_InfoWindow">021c931a-5b69-4157-875e-306a69f21fce</AD_InfoWindow_ID>
            <EntityType>JP</EntityType>
            <SelectClause>a.IsActive</SelectClause>
            <SeqNo>50</SeqNo>
            <IsDisplayed>Y</IsDisplayed>
            <IsQueryCriteria>N</IsQueryCriteria>
            <AD_Element_ID reference="id">348</AD_Element_ID>
            <AD_Reference_ID reference="id">20</AD_Reference_ID>
            <AD_InfoColumn_UU>0dbfd562-5aba-4eec-8215-2610afc4830d</AD_InfoColumn_UU>
            <AD_Reference_Value_ID reference="id"/>
            <AD_Val_Rule_ID reference="id"/>
            <IsCentrallyMaintained>Y</IsCentrallyMaintained>
            <DisplayLogic/>
            <ColumnName>IsActive</ColumnName>
            <QueryOperator/>
            <QueryFunction/>
            <IsIdentifier>N</IsIdentifier>
            <SeqNoSelection>0</SeqNoSelection>
            <DefaultValue/>
            <IsMandatory>N</IsMandatory>
            <IsKey>N</IsKey>
            <IsReadOnly>Y</IsReadOnly>
            <Placeholder/>
            <InputFieldValidation/>
            <AD_FieldStyle_ID reference="id"/>
            <IsAutocomplete>N</IsAutocomplete>
            <IsQueryAfterChange>N</IsQueryAfterChange>
            <IsRange>N</IsRange>
            <DefaultValue2/>
            <Placeholder2/>
            <AD_InfoColumn_Trl type="translation">
                <Description/>
                <Help/>
                <Name>アクティブ</Name>
                <Placeholder/>
                <Placeholder2/>
                <AD_Language>ja_JP</AD_Language>
                <IsActive>Y</IsActive>
                <IsTranslated>Y</IsTranslated>
            </AD_InfoColumn_Trl>
        </AD_InfoColumn>
        <AD_InfoColumn type="table">
            <AD_Client_ID>0</AD_Client_ID>
            <AD_Org_ID>0</AD_Org_ID>
            <IsActive>Y</IsActive>
            <Name>Name</Name>
            <Description>Alphanumeric identifier of the entity</Description>
            <Help>The name of an entity (record) is used as an default search option in addition to the search key. The name is up to 60 characters in length.</Help>
            <AD_InfoWindow_ID reference="uuid" reference-key="AD_InfoWindow">021c931a-5b69-4157-875e-306a69f21fce</AD_InfoWindow_ID>
            <EntityType>JP</EntityType>
            <SelectClause>a.Name</SelectClause>
            <SeqNo>20</SeqNo>
            <IsDisplayed>Y</IsDisplayed>
            <IsQueryCriteria>Y</IsQueryCriteria>
            <AD_Element_ID reference="id">469</AD_Element_ID>
            <AD_Reference_ID reference="id">10</AD_Reference_ID>
            <AD_InfoColumn_UU>8c9b8746-3acd-4b4d-8f7b-7a660208a49f</AD_InfoColumn_UU>
            <AD_Reference_Value_ID reference="id"/>
            <AD_Val_Rule_ID reference="id"/>
            <IsCentrallyMaintained>Y</IsCentrallyMaintained>
            <DisplayLogic/>
            <ColumnName>Name</ColumnName>
            <QueryOperator>Like</QueryOperator>
            <QueryFunction>Upper</QueryFunction>
            <IsIdentifier>Y</IsIdentifier>
            <SeqNoSelection>0</SeqNoSelection>
            <DefaultValue/>
            <IsMandatory>N</IsMandatory>
            <IsKey>N</IsKey>
            <IsReadOnly>Y</IsReadOnly>
            <Placeholder/>
            <InputFieldValidation/>
            <AD_FieldStyle_ID reference="id"/>
            <IsAutocomplete>N</IsAutocomplete>
            <IsQueryAfterChange>N</IsQueryAfterChange>
            <IsRange>N</IsRange>
            <DefaultValue2/>
            <Placeholder2/>
            <AD_InfoColumn_Trl type="translation">
                <Description/>
                <Help/>
                <Name>名称</Name>
                <Placeholder/>
                <Placeholder2/>
                <AD_Language>ja_JP</AD_Language>
                <IsActive>Y</IsActive>
                <IsTranslated>Y</IsTranslated>
            </AD_InfoColumn_Trl>
        </AD_InfoColumn>
    </AD_InfoWindow>
    <AD_Reference type="table">
        <AD_Client_ID>0</AD_Client_ID>
        <AD_Org_ID>0</AD_Org_ID>
        <Name>JP AD_Org - AD_Org_ID=0</Name>
        <Description>JPIERE-0114:JPCS</Description>
        <Help/>
        <ValidationType>T</ValidationType>
        <IsActive>Y</IsActive>
        <VFormat/>
        <EntityType>JP</EntityType>
        <IsOrderByValue>N</IsOrderByValue>
        <AD_Reference_UU>0b5466b8-6a8e-4aa0-8e17-7d57bba12364</AD_Reference_UU>
        <AD_Element_ID reference="id"/>
        <ShowInactive>N</ShowInactive>
        <AD_Reference_Trl type="translation">
            <Description>JPIERE-0114:JPCS</Description>
            <Help/>
            <Name>JP AD_Org - AD_Org_ID=0</Name>
            <AD_Language>ja_JP</AD_Language>
            <IsActive>Y</IsActive>
            <IsTranslated>N</IsTranslated>
        </AD_Reference_Trl>
        <AD_Ref_Table type="table">
            <AD_Client_ID>0</AD_Client_ID>
            <AD_Org_ID>0</AD_Org_ID>
            <AD_Reference_ID reference="uuid" reference-key="AD_Reference">0b5466b8-6a8e-4aa0-8e17-7d57bba12364</AD_Reference_ID>
            <AD_Table_ID reference="id">155</AD_Table_ID>
            <WhereClause>AD_Org.AD_Org_ID=0</WhereClause>
            <OrderByClause/>
            <IsActive>Y</IsActive>
            <IsValueDisplayed>N</IsValueDisplayed>
            <EntityType>JP</EntityType>
            <AD_Window_ID reference="id"/>
            <AD_Ref_Table_UU>da239e80-e2e0-4ce1-9412-b30514149b26</AD_Ref_Table_UU>
            <AD_InfoWindow_ID reference="uuid" reference-key="AD_InfoWindow">021c931a-5b69-4157-875e-306a69f21fce</AD_InfoWindow_ID>
            <AD_Display reference="id">522</AD_Display>
            <AD_Key reference="id">527</AD_Key>
        </AD_Ref_Table>
    </AD_Reference>
    <AD_Style type="table">
        <AD_Client_ID>0</AD_Client_ID>
        <AD_Org_ID>0</AD_Org_ID>
        <IsActive>Y</IsActive>
        <AD_Style_UU>e5a55294-e672-4def-b7a0-c1e21e658235</AD_Style_UU>
        <Name>Identifier Labels Orange</Name>
        <Description/>
        <EntityType>JP</EntityType>
        <IsWrapWithSpan>N</IsWrapWithSpan>
        <AD_StyleLine type="table">
            <AD_Client_ID>0</AD_Client_ID>
            <AD_Org_ID>0</AD_Org_ID>
            <IsActive>Y</IsActive>
            <AD_Style_ID reference="uuid" reference-key="AD_Style">e5a55294-e672-4def-b7a0-c1e21e658235</AD_Style_ID>
            <AD_StyleLine_UU>29b48357-43f8-49b1-88ec-70cabe65a37f</AD_StyleLine_UU>
            <InlineStyle>font-weight:bold;border-left: 4px solid #F39700;padding-left:2px;</InlineStyle>
            <DisplayLogic/>
            <Theme>jpiere</Theme>
            <Line>10</Line>
            <EntityType>JP</EntityType>
        </AD_StyleLine>
    </AD_Style>
    <AD_Style type="table">
        <AD_Client_ID>0</AD_Client_ID>
        <AD_Org_ID>0</AD_Org_ID>
        <IsActive>Y</IsActive>
        <AD_Style_UU>f21fceef-f338-4970-b105-9e7e08403642</AD_Style_UU>
        <Name>Identifier Fields bold</Name>
        <Description/>
        <EntityType>JP</EntityType>
        <IsWrapWithSpan>N</IsWrapWithSpan>
        <AD_StyleLine type="table">
            <AD_Client_ID>0</AD_Client_ID>
            <AD_Org_ID>0</AD_Org_ID>
            <IsActive>Y</IsActive>
            <AD_Style_ID reference="uuid" reference-key="AD_Style">f21fceef-f338-4970-b105-9e7e08403642</AD_Style_ID>
            <AD_StyleLine_UU>e2fd68c2-1eb4-4ae6-a43d-c74b6ec6d293</AD_StyleLine_UU>
            <InlineStyle>font-weight:bold</InlineStyle>
            <DisplayLogic/>
            <Theme>jpiere</Theme>
            <Line>10</Line>
            <EntityType>JP</EntityType>
        </AD_StyleLine>
    </AD_Style>
    <AD_Reference type="table">
        <AD_Client_ID>0</AD_Client_ID>
        <AD_Org_ID>0</AD_Org_ID>
        <Name>JP AD_AllClients_V_ID &gt; 0</Name>
        <Description>JPIERE-0629:JPPS</Description>
        <Help/>
        <ValidationType>T</ValidationType>
        <IsActive>Y</IsActive>
        <VFormat/>
        <EntityType>JP</EntityType>
        <IsOrderByValue>N</IsOrderByValue>
        <AD_Reference_UU>d27af246-349f-4108-86d5-7978b0c4d88a</AD_Reference_UU>
        <AD_Element_ID reference="id"/>
        <ShowInactive>N</ShowInactive>
        <AD_Reference_Trl type="translation">
            <Description>JPIERE-0629:JPPS</Description>
            <Help/>
            <Name>JP AD_AllClients_V_ID &gt; 0</Name>
            <AD_Language>ja_JP</AD_Language>
            <IsActive>Y</IsActive>
            <IsTranslated>N</IsTranslated>
        </AD_Reference_Trl>
        <AD_Ref_Table type="table">
            <AD_Client_ID>0</AD_Client_ID>
            <AD_Org_ID>0</AD_Org_ID>
            <AD_Reference_ID reference="uuid" reference-key="AD_Reference">d27af246-349f-4108-86d5-7978b0c4d88a</AD_Reference_ID>
            <AD_Table_ID reference="id">200223</AD_Table_ID>
            <WhereClause>AD_AllClients_V.AD_AllClients_V_ID &gt; 0</WhereClause>
            <OrderByClause/>
            <IsActive>Y</IsActive>
            <IsValueDisplayed>N</IsValueDisplayed>
            <EntityType>JP</EntityType>
            <AD_Window_ID reference="id"/>
            <AD_Ref_Table_UU>47dfd944-0b40-4f8e-8c45-59d3dc7f5363</AD_Ref_Table_UU>
            <AD_InfoWindow_ID reference="id"/>
            <AD_Display reference="id">213154</AD_Display>
            <AD_Key reference="id">213145</AD_Key>
        </AD_Ref_Table>
    </AD_Reference>
    <AD_Val_Rule type="table">
        <AD_Client_ID>0</AD_Client_ID>
        <AD_Org_ID>0</AD_Org_ID>
        <Name>JP AD_AllClients_V_ID &gt; 0</Name>
        <Description/>
        <Type>S</Type>
        <Code>AD_AllClients_V.AD_AllClients_V_ID &gt; 0</Code>
        <IsActive>Y</IsActive>
        <EntityType>JP</EntityType>
        <AD_Val_Rule_UU>69e4da7b-6efd-4e37-8d94-23dae9824336</AD_Val_Rule_UU>
    </AD_Val_Rule>
</idempiere>
