<?xml version="1.0" encoding="UTF-8"?><idempiere Name="20250112_JPIERE-0637" Version="11" idempiereVersion="" DataBaseVersion="" Description="" Author="" AuthorEmail="" CreatedDate="2025-01-12 14:50:33.518" UpdatedDate="2025-01-12 14:50:33.518" PackOutVersion="100" UpdateDictionary="false" Client="0-SYSTEM-System" AD_Client_UU="11237b53-9592-4af1-b3c5-afd216514b5d">
    <SQLStatement type="custom">
        <DBType>ALL</DBType>
        <statement><![CDATA[CREATE OR REPLACE VIEW adempiere.JP_AllOrgs_V
 AS
SELECT
	0 AS AD_Client_ID
	,0 AS AD_Org_ID
	,o.AD_Client_ID AS AD_AllClients_V_ID
	,o.AD_Org_ID AS JP_AllOrgs_V_ID
	,o.AD_Org_UU AS JP_AllOrgs_V_UU
	,o.IsActive AS IsActive
    ,o.Created AS Created 
    ,o.Createdby AS Createdby
    ,o.Updated AS Updated
    ,o.Updatedby AS Updatedby
    ,o.Value AS Value
    ,o.Name AS Name
    ,o.Description AS Description
	,o.IsSummary AS IsSummary
FROM adempiere.AD_Org o
;
ALTER TABLE adempiere.JP_AllOrgs_V
    OWNER TO adempiere;]]></statement>
    </SQLStatement>
    <AD_Menu type="table">
        <Parent_ID reference="id">367</Parent_ID>
        <SeqNo>22</SeqNo>
        <AD_Menu_ID>200147</AD_Menu_ID>
        <AD_Client_ID>0</AD_Client_ID>
        <AD_Org_ID>0</AD_Org_ID>
        <AD_Menu_ID>200147</AD_Menu_ID>
        <Name>All Tenants</Name>
        <Description/>
        <Action>W</Action>
        <AD_Window_ID reference="id">200092</AD_Window_ID>
        <AD_Workflow_ID reference="id"/>
        <AD_Task_ID reference="id"/>
        <IsActive>Y</IsActive>
        <IsSummary>N</IsSummary>
        <AD_Process_ID reference="id"/>
        <IsSOTrx>Y</IsSOTrx>
        <AD_Form_ID reference="id"/>
        <IsReadOnly>N</IsReadOnly>
        <EntityType>D</EntityType>
        <IsCentrallyMaintained>Y</IsCentrallyMaintained>
        <AD_Menu_UU>a3c143c0-ca37-46de-8d0d-b60d3b510fa6</AD_Menu_UU>
        <AD_InfoWindow_ID reference="id"/>
        <PredefinedContextVariables/>
        <AD_Menu_Trl type="translation">
            <Description/>
            <Name>すべてのテナント</Name>
            <AD_Language>ja_JP</AD_Language>
            <IsActive>Y</IsActive>
            <IsTranslated>N</IsTranslated>
        </AD_Menu_Trl>
        <AD_Table type="table">
            <AD_Client_ID>0</AD_Client_ID>
            <AD_Org_ID>0</AD_Org_ID>
            <Name>JP_AllOrgs_V</Name>
            <Description>JPIERE-0637:JPPS</Description>
            <Help/>
            <AD_Window_ID reference="id">200092</AD_Window_ID>
            <AD_Val_Rule_ID reference="id"/>
            <TableName>JP_AllOrgs_V</TableName>
            <LoadSeq>0</LoadSeq>
            <AccessLevel>4</AccessLevel>
            <IsActive>Y</IsActive>
            <IsSecurityEnabled>N</IsSecurityEnabled>
            <IsDeleteable>N</IsDeleteable>
            <IsHighVolume>N</IsHighVolume>
            <IsView>Y</IsView>
            <EntityType>JP</EntityType>
            <ImportTable>N</ImportTable>
            <IsChangeLog>N</IsChangeLog>
            <ReplicationType>L</ReplicationType>
            <PO_Window_ID reference="id"/>
            <CopyColumnsFromTable>N</CopyColumnsFromTable>
            <IsCentrallyMaintained>Y</IsCentrallyMaintained>
            <AD_Table_UU>b081d23d-64b1-486c-bd9e-bc48300b714f</AD_Table_UU>
            <Processing>N</Processing>
            <DatabaseViewDrop>N</DatabaseViewDrop>
            <CopyComponentsFromView>N</CopyComponentsFromView>
            <CreateWindowFromTable>N</CreateWindowFromTable>
            <IsShowInDrillOptions>N</IsShowInDrillOptions>
            <IsPartition>N</IsPartition>
            <CreatePartition>N</CreatePartition>
            <AD_Element type="table">
                <AD_Client_ID>0</AD_Client_ID>
                <AD_Org_ID>0</AD_Org_ID>
                <IsActive>Y</IsActive>
                <ColumnName>JP_AllOrgs_V_ID</ColumnName>
                <Name>JP_AllOrgs_V</Name>
                <Description/>
                <Help/>
                <PrintName>JP_AllOrgs_V</PrintName>
                <PO_Description/>
                <PO_Help/>
                <PO_Name/>
                <PO_PrintName/>
                <EntityType>JP</EntityType>
                <AD_Element_UU>dc00f0da-47dc-44b8-ba9b-a7886adf61b8</AD_Element_UU>
                <Placeholder/>
                <AD_Element_Trl type="translation">
                    <Description/>
                    <Help/>
                    <Name>JP_AllOrgs_V</Name>
                    <PO_Description/>
                    <PO_Help/>
                    <PO_Name/>
                    <PO_PrintName/>
                    <Placeholder/>
                    <PrintName>JP_AllOrgs_V</PrintName>
                    <AD_Language>ja_JP</AD_Language>
                    <IsActive>Y</IsActive>
                    <IsTranslated>N</IsTranslated>
                </AD_Element_Trl>
            </AD_Element>
            <AD_Column type="table">
                <IsSyncDatabase>Y</IsSyncDatabase>
                <AD_Table_ID reference="uuid" reference-key="AD_Table">b081d23d-64b1-486c-bd9e-bc48300b714f</AD_Table_ID>
                <AD_Reference_Value_ID reference="id"/>
                <AD_Client_ID>0</AD_Client_ID>
                <AD_Org_ID>0</AD_Org_ID>
                <Version>0.0</Version>
                <Name>JP_AllOrgs_V</Name>
                <Description/>
                <Help/>
                <AD_Val_Rule_ID reference="id"/>
                <ColumnName>JP_AllOrgs_V_ID</ColumnName>
                <DefaultValue/>
                <FieldLength>10</FieldLength>
                <IsKey>Y</IsKey>
                <IsParent>N</IsParent>
                <IsMandatory>N</IsMandatory>
                <IsTranslated>N</IsTranslated>
                <IsIdentifier>N</IsIdentifier>
                <SeqNo/>
                <IsEncrypted>N</IsEncrypted>
                <AD_Reference_ID reference="id">13</AD_Reference_ID>
                <IsActive>Y</IsActive>
                <VFormat/>
                <Callout/>
                <AD_Element_ID reference="uuid" reference-key="AD_Element">dc00f0da-47dc-44b8-ba9b-a7886adf61b8</AD_Element_ID>
                <IsUpdateable>N</IsUpdateable>
                <AD_Process_ID reference="id"/>
                <ValueMin/>
                <ValueMax/>
                <IsSelectionColumn>N</IsSelectionColumn>
                <ReadOnlyLogic/>
                <EntityType>JP</EntityType>
                <IsAlwaysUpdateable>N</IsAlwaysUpdateable>
                <ColumnSQL/>
                <MandatoryLogic/>
                <IsAutocomplete>N</IsAutocomplete>
                <IsAllowLogging>Y</IsAllowLogging>
                <FormatPattern/>
                <AD_Chart_ID reference="id"/>
                <AD_Column_UU>addbb6bf-5703-47f6-b4a4-8698768fc2ea</AD_Column_UU>
                <IsAllowCopy>Y</IsAllowCopy>
                <SeqNoSelection/>
                <IsToolbarButton>N</IsToolbarButton>
                <IsSecure>N</IsSecure>
                <FKConstraintName/>
                <FKConstraintType>N</FKConstraintType>
                <PA_DashboardContent_ID reference="id"/>
                <Placeholder/>
                <IsHtml>N</IsHtml>
                <AD_Val_Rule_Lookup_ID reference="id"/>
                <AlwaysUpdatableLogic/>
                <AD_InfoWindow_ID reference="id"/>
                <FKConstraintMsg_ID reference="id"/>
                <PartitioningMethod/>
                <IsPartitionKey>N</IsPartitionKey>
                <SeqNoPartition/>
                <RangePartitionInterval/>
            </AD_Column>
            <AD_Column type="table">
                <IsSyncDatabase>Y</IsSyncDatabase>
                <AD_Table_ID reference="uuid" reference-key="AD_Table">b081d23d-64b1-486c-bd9e-bc48300b714f</AD_Table_ID>
                <AD_Reference_Value_ID reference="id"/>
                <AD_Client_ID>0</AD_Client_ID>
                <AD_Org_ID>0</AD_Org_ID>
                <Version>0.0</Version>
                <Name>Tenant</Name>
                <Description>Tenant for this installation.</Description>
                <Help>A Tenant is a company or a legal entity. You cannot share data between Tenants.</Help>
                <AD_Val_Rule_ID reference="id">129</AD_Val_Rule_ID>
                <ColumnName>AD_Client_ID</ColumnName>
                <DefaultValue>@#AD_Client_ID@</DefaultValue>
                <FieldLength>10</FieldLength>
                <IsKey>N</IsKey>
                <IsParent>N</IsParent>
                <IsMandatory>N</IsMandatory>
                <IsTranslated>N</IsTranslated>
                <IsIdentifier>N</IsIdentifier>
                <SeqNo/>
                <IsEncrypted>N</IsEncrypted>
                <AD_Reference_ID reference="id">30</AD_Reference_ID>
                <IsActive>Y</IsActive>
                <VFormat/>
                <Callout/>
                <AD_Element_ID reference="id">102</AD_Element_ID>
                <IsUpdateable>N</IsUpdateable>
                <AD_Process_ID reference="id"/>
                <ValueMin/>
                <ValueMax/>
                <IsSelectionColumn>N</IsSelectionColumn>
                <ReadOnlyLogic/>
                <EntityType>JP</EntityType>
                <IsAlwaysUpdateable>N</IsAlwaysUpdateable>
                <ColumnSQL/>
                <MandatoryLogic/>
                <IsAutocomplete>N</IsAutocomplete>
                <IsAllowLogging>Y</IsAllowLogging>
                <FormatPattern/>
                <AD_Chart_ID reference="id"/>
                <AD_Column_UU>4edab1dd-6f9e-408f-926b-f007342cb274</AD_Column_UU>
                <IsAllowCopy>Y</IsAllowCopy>
                <SeqNoSelection/>
                <IsToolbarButton>N</IsToolbarButton>
                <IsSecure>N</IsSecure>
                <FKConstraintName/>
                <FKConstraintType>D</FKConstraintType>
                <PA_DashboardContent_ID reference="id"/>
                <Placeholder/>
                <IsHtml>N</IsHtml>
                <AD_Val_Rule_Lookup_ID reference="id"/>
                <AlwaysUpdatableLogic/>
                <AD_InfoWindow_ID reference="id"/>
                <FKConstraintMsg_ID reference="id"/>
                <PartitioningMethod/>
                <IsPartitionKey>N</IsPartitionKey>
                <SeqNoPartition/>
                <RangePartitionInterval/>
            </AD_Column>
            <AD_Column type="table">
                <IsSyncDatabase>Y</IsSyncDatabase>
                <AD_Table_ID reference="uuid" reference-key="AD_Table">b081d23d-64b1-486c-bd9e-bc48300b714f</AD_Table_ID>
                <AD_Reference_Value_ID reference="id"/>
                <AD_Client_ID>0</AD_Client_ID>
                <AD_Org_ID>0</AD_Org_ID>
                <Version>0.0</Version>
                <Name>Organization</Name>
                <Description>Organizational entity within tenant</Description>
                <Help>An organization is a unit of your tenant or legal entity - examples are store, department. You can share data between organizations.</Help>
                <AD_Val_Rule_ID reference="id">104</AD_Val_Rule_ID>
                <ColumnName>AD_Org_ID</ColumnName>
                <DefaultValue>0</DefaultValue>
                <FieldLength>10</FieldLength>
                <IsKey>N</IsKey>
                <IsParent>N</IsParent>
                <IsMandatory>N</IsMandatory>
                <IsTranslated>N</IsTranslated>
                <IsIdentifier>N</IsIdentifier>
                <SeqNo/>
                <IsEncrypted>N</IsEncrypted>
                <AD_Reference_ID reference="id">30</AD_Reference_ID>
                <IsActive>Y</IsActive>
                <VFormat/>
                <Callout/>
                <AD_Element_ID reference="id">113</AD_Element_ID>
                <IsUpdateable>N</IsUpdateable>
                <AD_Process_ID reference="id"/>
                <ValueMin/>
                <ValueMax/>
                <IsSelectionColumn>N</IsSelectionColumn>
                <ReadOnlyLogic/>
                <EntityType>JP</EntityType>
                <IsAlwaysUpdateable>N</IsAlwaysUpdateable>
                <ColumnSQL/>
                <MandatoryLogic/>
                <IsAutocomplete>N</IsAutocomplete>
                <IsAllowLogging>Y</IsAllowLogging>
                <FormatPattern/>
                <AD_Chart_ID reference="id"/>
                <AD_Column_UU>dac8b1cd-c55a-42b1-9862-5a82dd589545</AD_Column_UU>
                <IsAllowCopy>N</IsAllowCopy>
                <SeqNoSelection/>
                <IsToolbarButton>N</IsToolbarButton>
                <IsSecure>N</IsSecure>
                <FKConstraintName/>
                <FKConstraintType>D</FKConstraintType>
                <PA_DashboardContent_ID reference="id"/>
                <Placeholder/>
                <IsHtml>N</IsHtml>
                <AD_Val_Rule_Lookup_ID reference="id"/>
                <AlwaysUpdatableLogic/>
                <AD_InfoWindow_ID reference="id"/>
                <FKConstraintMsg_ID reference="id"/>
                <PartitioningMethod/>
                <IsPartitionKey>N</IsPartitionKey>
                <SeqNoPartition/>
                <RangePartitionInterval/>
            </AD_Column>
            <AD_Column type="table">
                <IsSyncDatabase>Y</IsSyncDatabase>
                <AD_Table_ID reference="uuid" reference-key="AD_Table">b081d23d-64b1-486c-bd9e-bc48300b714f</AD_Table_ID>
                <AD_Reference_Value_ID reference="id"/>
                <AD_Client_ID>0</AD_Client_ID>
                <AD_Org_ID>0</AD_Org_ID>
                <Version>0.0</Version>
                <Name>Tenant (All)</Name>
                <Description/>
                <Help/>
                <AD_Val_Rule_ID reference="id"/>
                <ColumnName>AD_AllClients_V_ID</ColumnName>
                <DefaultValue/>
                <FieldLength>10</FieldLength>
                <IsKey>N</IsKey>
                <IsParent>N</IsParent>
                <IsMandatory>N</IsMandatory>
                <IsTranslated>N</IsTranslated>
                <IsIdentifier>N</IsIdentifier>
                <SeqNo/>
                <IsEncrypted>N</IsEncrypted>
                <AD_Reference_ID reference="id">30</AD_Reference_ID>
                <IsActive>Y</IsActive>
                <VFormat/>
                <Callout/>
                <AD_Element_ID reference="id">203119</AD_Element_ID>
                <IsUpdateable>N</IsUpdateable>
                <AD_Process_ID reference="id"/>
                <ValueMin/>
                <ValueMax/>
                <IsSelectionColumn>N</IsSelectionColumn>
                <ReadOnlyLogic/>
                <EntityType>JP</EntityType>
                <IsAlwaysUpdateable>N</IsAlwaysUpdateable>
                <ColumnSQL/>
                <MandatoryLogic/>
                <IsAutocomplete>N</IsAutocomplete>
                <IsAllowLogging>Y</IsAllowLogging>
                <FormatPattern/>
                <AD_Chart_ID reference="id"/>
                <AD_Column_UU>072abd81-8676-4769-8de1-d21033e3a991</AD_Column_UU>
                <IsAllowCopy>Y</IsAllowCopy>
                <SeqNoSelection/>
                <IsToolbarButton>N</IsToolbarButton>
                <IsSecure>N</IsSecure>
                <FKConstraintName/>
                <FKConstraintType>N</FKConstraintType>
                <PA_DashboardContent_ID reference="id"/>
                <Placeholder/>
                <IsHtml>N</IsHtml>
                <AD_Val_Rule_Lookup_ID reference="id"/>
                <AlwaysUpdatableLogic/>
                <AD_InfoWindow_ID reference="id"/>
                <FKConstraintMsg_ID reference="id"/>
                <PartitioningMethod/>
                <IsPartitionKey>N</IsPartitionKey>
                <SeqNoPartition/>
                <RangePartitionInterval/>
            </AD_Column>
            <AD_Element type="table">
                <AD_Client_ID>0</AD_Client_ID>
                <AD_Org_ID>0</AD_Org_ID>
                <IsActive>Y</IsActive>
                <ColumnName>JP_AllOrgs_V_UU</ColumnName>
                <Name>JP_AllOrgs_V_UU</Name>
                <Description/>
                <Help/>
                <PrintName>JP_AllOrgs_V_UU</PrintName>
                <PO_Description/>
                <PO_Help/>
                <PO_Name/>
                <PO_PrintName/>
                <EntityType>JP</EntityType>
                <AD_Element_UU>b603bcba-4bae-4629-a1cf-a7075c970c75</AD_Element_UU>
                <Placeholder/>
                <AD_Element_Trl type="translation">
                    <Description/>
                    <Help/>
                    <Name>JP_AllOrgs_V_UU</Name>
                    <PO_Description/>
                    <PO_Help/>
                    <PO_Name/>
                    <PO_PrintName/>
                    <Placeholder/>
                    <PrintName>JP_AllOrgs_V_UU</PrintName>
                    <AD_Language>ja_JP</AD_Language>
                    <IsActive>Y</IsActive>
                    <IsTranslated>N</IsTranslated>
                </AD_Element_Trl>
            </AD_Element>
            <AD_Column type="table">
                <IsSyncDatabase>Y</IsSyncDatabase>
                <AD_Table_ID reference="uuid" reference-key="AD_Table">b081d23d-64b1-486c-bd9e-bc48300b714f</AD_Table_ID>
                <AD_Reference_Value_ID reference="id"/>
                <AD_Client_ID>0</AD_Client_ID>
                <AD_Org_ID>0</AD_Org_ID>
                <Version>0.0</Version>
                <Name>JP_AllOrgs_V_UU</Name>
                <Description/>
                <Help/>
                <AD_Val_Rule_ID reference="id"/>
                <ColumnName>JP_AllOrgs_V_UU</ColumnName>
                <DefaultValue/>
                <FieldLength>36</FieldLength>
                <IsKey>N</IsKey>
                <IsParent>N</IsParent>
                <IsMandatory>N</IsMandatory>
                <IsTranslated>N</IsTranslated>
                <IsIdentifier>N</IsIdentifier>
                <SeqNo/>
                <IsEncrypted>N</IsEncrypted>
                <AD_Reference_ID reference="id">10</AD_Reference_ID>
                <IsActive>Y</IsActive>
                <VFormat/>
                <Callout/>
                <AD_Element_ID reference="uuid" reference-key="AD_Element">b603bcba-4bae-4629-a1cf-a7075c970c75</AD_Element_ID>
                <IsUpdateable>N</IsUpdateable>
                <AD_Process_ID reference="id"/>
                <ValueMin/>
                <ValueMax/>
                <IsSelectionColumn>N</IsSelectionColumn>
                <ReadOnlyLogic/>
                <EntityType>JP</EntityType>
                <IsAlwaysUpdateable>N</IsAlwaysUpdateable>
                <ColumnSQL/>
                <MandatoryLogic/>
                <IsAutocomplete>N</IsAutocomplete>
                <IsAllowLogging>Y</IsAllowLogging>
                <FormatPattern/>
                <AD_Chart_ID reference="id"/>
                <AD_Column_UU>392a5fad-f54b-4edf-85b7-2c5dee109bab</AD_Column_UU>
                <IsAllowCopy>Y</IsAllowCopy>
                <SeqNoSelection/>
                <IsToolbarButton>N</IsToolbarButton>
                <IsSecure>N</IsSecure>
                <FKConstraintName/>
                <FKConstraintType>N</FKConstraintType>
                <PA_DashboardContent_ID reference="id"/>
                <Placeholder/>
                <IsHtml>N</IsHtml>
                <AD_Val_Rule_Lookup_ID reference="id"/>
                <AlwaysUpdatableLogic/>
                <AD_InfoWindow_ID reference="id"/>
                <FKConstraintMsg_ID reference="id"/>
                <PartitioningMethod/>
                <IsPartitionKey>N</IsPartitionKey>
                <SeqNoPartition/>
                <RangePartitionInterval/>
            </AD_Column>
            <AD_Column type="table">
                <IsSyncDatabase>Y</IsSyncDatabase>
                <AD_Table_ID reference="uuid" reference-key="AD_Table">b081d23d-64b1-486c-bd9e-bc48300b714f</AD_Table_ID>
                <AD_Reference_Value_ID reference="id"/>
                <AD_Client_ID>0</AD_Client_ID>
                <AD_Org_ID>0</AD_Org_ID>
                <Version>0.0</Version>
                <Name>Active</Name>
                <Description>The record is active in the system</Description>
                <Help>There are two methods of making records unavailable in the system: One is to delete the record, the other is to de-activate the record. A de-activated record is not available for selection, but available for reports.
There are two reasons for de-activating and not deleting records:
(1) The system requires the record for audit purposes.
(2) The record is referenced by other records. E.g., you cannot delete a Business Partner, if there are invoices for this partner record existing. You de-activate the Business Partner and prevent that this record is used for future entries.</Help>
                <AD_Val_Rule_ID reference="id"/>
                <ColumnName>IsActive</ColumnName>
                <DefaultValue>Y</DefaultValue>
                <FieldLength>1</FieldLength>
                <IsKey>N</IsKey>
                <IsParent>N</IsParent>
                <IsMandatory>Y</IsMandatory>
                <IsTranslated>N</IsTranslated>
                <IsIdentifier>N</IsIdentifier>
                <SeqNo/>
                <IsEncrypted>N</IsEncrypted>
                <AD_Reference_ID reference="id">20</AD_Reference_ID>
                <IsActive>Y</IsActive>
                <VFormat/>
                <Callout/>
                <AD_Element_ID reference="id">348</AD_Element_ID>
                <IsUpdateable>N</IsUpdateable>
                <AD_Process_ID reference="id"/>
                <ValueMin/>
                <ValueMax/>
                <IsSelectionColumn>N</IsSelectionColumn>
                <ReadOnlyLogic/>
                <EntityType>JP</EntityType>
                <IsAlwaysUpdateable>N</IsAlwaysUpdateable>
                <ColumnSQL/>
                <MandatoryLogic/>
                <IsAutocomplete>N</IsAutocomplete>
                <IsAllowLogging>Y</IsAllowLogging>
                <FormatPattern/>
                <AD_Chart_ID reference="id"/>
                <AD_Column_UU>f5f6c9ca-d62d-41a5-87f9-9bf8a2e855ff</AD_Column_UU>
                <IsAllowCopy>Y</IsAllowCopy>
                <SeqNoSelection/>
                <IsToolbarButton>N</IsToolbarButton>
                <IsSecure>N</IsSecure>
                <FKConstraintName/>
                <FKConstraintType>N</FKConstraintType>
                <PA_DashboardContent_ID reference="id"/>
                <Placeholder/>
                <IsHtml>N</IsHtml>
                <AD_Val_Rule_Lookup_ID reference="id"/>
                <AlwaysUpdatableLogic/>
                <AD_InfoWindow_ID reference="id"/>
                <FKConstraintMsg_ID reference="id"/>
                <PartitioningMethod/>
                <IsPartitionKey>N</IsPartitionKey>
                <SeqNoPartition/>
                <RangePartitionInterval/>
            </AD_Column>
            <AD_Column type="table">
                <IsSyncDatabase>Y</IsSyncDatabase>
                <AD_Table_ID reference="uuid" reference-key="AD_Table">b081d23d-64b1-486c-bd9e-bc48300b714f</AD_Table_ID>
                <AD_Reference_Value_ID reference="id"/>
                <AD_Client_ID>0</AD_Client_ID>
                <AD_Org_ID>0</AD_Org_ID>
                <Version>0.0</Version>
                <Name>Created</Name>
                <Description>Date this record was created</Description>
                <Help>The Created field indicates the date that this record was created.</Help>
                <AD_Val_Rule_ID reference="id"/>
                <ColumnName>Created</ColumnName>
                <DefaultValue>SYSDATE</DefaultValue>
                <FieldLength>29</FieldLength>
                <IsKey>N</IsKey>
                <IsParent>N</IsParent>
                <IsMandatory>N</IsMandatory>
                <IsTranslated>N</IsTranslated>
                <IsIdentifier>N</IsIdentifier>
                <SeqNo/>
                <IsEncrypted>N</IsEncrypted>
                <AD_Reference_ID reference="id">16</AD_Reference_ID>
                <IsActive>Y</IsActive>
                <VFormat/>
                <Callout/>
                <AD_Element_ID reference="id">245</AD_Element_ID>
                <IsUpdateable>N</IsUpdateable>
                <AD_Process_ID reference="id"/>
                <ValueMin/>
                <ValueMax/>
                <IsSelectionColumn>N</IsSelectionColumn>
                <ReadOnlyLogic/>
                <EntityType>JP</EntityType>
                <IsAlwaysUpdateable>N</IsAlwaysUpdateable>
                <ColumnSQL/>
                <MandatoryLogic/>
                <IsAutocomplete>N</IsAutocomplete>
                <IsAllowLogging>Y</IsAllowLogging>
                <FormatPattern/>
                <AD_Chart_ID reference="id"/>
                <AD_Column_UU>cb4fa3aa-3592-4ac8-bcf9-d5aeb6d7a51a</AD_Column_UU>
                <IsAllowCopy>Y</IsAllowCopy>
                <SeqNoSelection/>
                <IsToolbarButton>N</IsToolbarButton>
                <IsSecure>N</IsSecure>
                <FKConstraintName/>
                <FKConstraintType>N</FKConstraintType>
                <PA_DashboardContent_ID reference="id"/>
                <Placeholder/>
                <IsHtml>N</IsHtml>
                <AD_Val_Rule_Lookup_ID reference="id"/>
                <AlwaysUpdatableLogic/>
                <AD_InfoWindow_ID reference="id"/>
                <FKConstraintMsg_ID reference="id"/>
                <PartitioningMethod/>
                <IsPartitionKey>N</IsPartitionKey>
                <SeqNoPartition/>
                <RangePartitionInterval/>
            </AD_Column>
            <AD_Column type="table">
                <IsSyncDatabase>Y</IsSyncDatabase>
                <AD_Table_ID reference="uuid" reference-key="AD_Table">b081d23d-64b1-486c-bd9e-bc48300b714f</AD_Table_ID>
                <AD_Reference_Value_ID reference="id">110</AD_Reference_Value_ID>
                <AD_Client_ID>0</AD_Client_ID>
                <AD_Org_ID>0</AD_Org_ID>
                <Version>0.0</Version>
                <Name>Created By</Name>
                <Description>User who created this records</Description>
                <Help>The Created By field indicates the user who created this record.</Help>
                <AD_Val_Rule_ID reference="id"/>
                <ColumnName>CreatedBy</ColumnName>
                <DefaultValue/>
                <FieldLength>10</FieldLength>
                <IsKey>N</IsKey>
                <IsParent>N</IsParent>
                <IsMandatory>N</IsMandatory>
                <IsTranslated>N</IsTranslated>
                <IsIdentifier>N</IsIdentifier>
                <SeqNo/>
                <IsEncrypted>N</IsEncrypted>
                <AD_Reference_ID reference="id">30</AD_Reference_ID>
                <IsActive>Y</IsActive>
                <VFormat/>
                <Callout/>
                <AD_Element_ID reference="id">246</AD_Element_ID>
                <IsUpdateable>N</IsUpdateable>
                <AD_Process_ID reference="id"/>
                <ValueMin/>
                <ValueMax/>
                <IsSelectionColumn>N</IsSelectionColumn>
                <ReadOnlyLogic/>
                <EntityType>JP</EntityType>
                <IsAlwaysUpdateable>N</IsAlwaysUpdateable>
                <ColumnSQL/>
                <MandatoryLogic/>
                <IsAutocomplete>N</IsAutocomplete>
                <IsAllowLogging>Y</IsAllowLogging>
                <FormatPattern/>
                <AD_Chart_ID reference="id"/>
                <AD_Column_UU>c6aa2c71-bd32-40d3-bcb8-6ca84a0bc053</AD_Column_UU>
                <IsAllowCopy>Y</IsAllowCopy>
                <SeqNoSelection/>
                <IsToolbarButton>N</IsToolbarButton>
                <IsSecure>N</IsSecure>
                <FKConstraintName/>
                <FKConstraintType>D</FKConstraintType>
                <PA_DashboardContent_ID reference="id"/>
                <Placeholder/>
                <IsHtml>N</IsHtml>
                <AD_Val_Rule_Lookup_ID reference="id"/>
                <AlwaysUpdatableLogic/>
                <AD_InfoWindow_ID reference="id"/>
                <FKConstraintMsg_ID reference="id"/>
                <PartitioningMethod/>
                <IsPartitionKey>N</IsPartitionKey>
                <SeqNoPartition/>
                <RangePartitionInterval/>
            </AD_Column>
            <AD_Column type="table">
                <IsSyncDatabase>Y</IsSyncDatabase>
                <AD_Table_ID reference="uuid" reference-key="AD_Table">b081d23d-64b1-486c-bd9e-bc48300b714f</AD_Table_ID>
                <AD_Reference_Value_ID reference="id"/>
                <AD_Client_ID>0</AD_Client_ID>
                <AD_Org_ID>0</AD_Org_ID>
                <Version>0.0</Version>
                <Name>Updated</Name>
                <Description>Date this record was updated</Description>
                <Help>The Updated field indicates the date that this record was updated.</Help>
                <AD_Val_Rule_ID reference="id"/>
                <ColumnName>Updated</ColumnName>
                <DefaultValue>SYSDATE</DefaultValue>
                <FieldLength>29</FieldLength>
                <IsKey>N</IsKey>
                <IsParent>N</IsParent>
                <IsMandatory>N</IsMandatory>
                <IsTranslated>N</IsTranslated>
                <IsIdentifier>N</IsIdentifier>
                <SeqNo/>
                <IsEncrypted>N</IsEncrypted>
                <AD_Reference_ID reference="id">16</AD_Reference_ID>
                <IsActive>Y</IsActive>
                <VFormat/>
                <Callout/>
                <AD_Element_ID reference="id">607</AD_Element_ID>
                <IsUpdateable>N</IsUpdateable>
                <AD_Process_ID reference="id"/>
                <ValueMin/>
                <ValueMax/>
                <IsSelectionColumn>N</IsSelectionColumn>
                <ReadOnlyLogic/>
                <EntityType>JP</EntityType>
                <IsAlwaysUpdateable>N</IsAlwaysUpdateable>
                <ColumnSQL/>
                <MandatoryLogic/>
                <IsAutocomplete>N</IsAutocomplete>
                <IsAllowLogging>Y</IsAllowLogging>
                <FormatPattern/>
                <AD_Chart_ID reference="id"/>
                <AD_Column_UU>b03b84f0-68a1-4c7b-884d-336c30e379b0</AD_Column_UU>
                <IsAllowCopy>Y</IsAllowCopy>
                <SeqNoSelection/>
                <IsToolbarButton>N</IsToolbarButton>
                <IsSecure>N</IsSecure>
                <FKConstraintName/>
                <FKConstraintType>N</FKConstraintType>
                <PA_DashboardContent_ID reference="id"/>
                <Placeholder/>
                <IsHtml>N</IsHtml>
                <AD_Val_Rule_Lookup_ID reference="id"/>
                <AlwaysUpdatableLogic/>
                <AD_InfoWindow_ID reference="id"/>
                <FKConstraintMsg_ID reference="id"/>
                <PartitioningMethod/>
                <IsPartitionKey>N</IsPartitionKey>
                <SeqNoPartition/>
                <RangePartitionInterval/>
            </AD_Column>
            <AD_Column type="table">
                <IsSyncDatabase>Y</IsSyncDatabase>
                <AD_Table_ID reference="uuid" reference-key="AD_Table">b081d23d-64b1-486c-bd9e-bc48300b714f</AD_Table_ID>
                <AD_Reference_Value_ID reference="id">110</AD_Reference_Value_ID>
                <AD_Client_ID>0</AD_Client_ID>
                <AD_Org_ID>0</AD_Org_ID>
                <Version>0.0</Version>
                <Name>Updated By</Name>
                <Description>User who updated this records</Description>
                <Help>The Updated By field indicates the user who updated this record.</Help>
                <AD_Val_Rule_ID reference="id"/>
                <ColumnName>UpdatedBy</ColumnName>
                <DefaultValue/>
                <FieldLength>10</FieldLength>
                <IsKey>N</IsKey>
                <IsParent>N</IsParent>
                <IsMandatory>N</IsMandatory>
                <IsTranslated>N</IsTranslated>
                <IsIdentifier>N</IsIdentifier>
                <SeqNo/>
                <IsEncrypted>N</IsEncrypted>
                <AD_Reference_ID reference="id">30</AD_Reference_ID>
                <IsActive>Y</IsActive>
                <VFormat/>
                <Callout/>
                <AD_Element_ID reference="id">608</AD_Element_ID>
                <IsUpdateable>N</IsUpdateable>
                <AD_Process_ID reference="id"/>
                <ValueMin/>
                <ValueMax/>
                <IsSelectionColumn>N</IsSelectionColumn>
                <ReadOnlyLogic/>
                <EntityType>JP</EntityType>
                <IsAlwaysUpdateable>N</IsAlwaysUpdateable>
                <ColumnSQL/>
                <MandatoryLogic/>
                <IsAutocomplete>N</IsAutocomplete>
                <IsAllowLogging>Y</IsAllowLogging>
                <FormatPattern/>
                <AD_Chart_ID reference="id"/>
                <AD_Column_UU>e48b934b-9c82-4ed0-988a-10e96ba50e35</AD_Column_UU>
                <IsAllowCopy>Y</IsAllowCopy>
                <SeqNoSelection/>
                <IsToolbarButton>N</IsToolbarButton>
                <IsSecure>N</IsSecure>
                <FKConstraintName/>
                <FKConstraintType>D</FKConstraintType>
                <PA_DashboardContent_ID reference="id"/>
                <Placeholder/>
                <IsHtml>N</IsHtml>
                <AD_Val_Rule_Lookup_ID reference="id"/>
                <AlwaysUpdatableLogic/>
                <AD_InfoWindow_ID reference="id"/>
                <FKConstraintMsg_ID reference="id"/>
                <PartitioningMethod/>
                <IsPartitionKey>N</IsPartitionKey>
                <SeqNoPartition/>
                <RangePartitionInterval/>
            </AD_Column>
            <AD_Column type="table">
                <IsSyncDatabase>Y</IsSyncDatabase>
                <AD_Table_ID reference="uuid" reference-key="AD_Table">b081d23d-64b1-486c-bd9e-bc48300b714f</AD_Table_ID>
                <AD_Reference_Value_ID reference="id"/>
                <AD_Client_ID>0</AD_Client_ID>
                <AD_Org_ID>0</AD_Org_ID>
                <Version>0.0</Version>
                <Name>Search Key</Name>
                <Description>Search key for the record in the format required - must be unique</Description>
                <Help>A search key allows you a fast method of finding a particular record.
If you leave the search key empty, the system automatically creates a numeric number.  The document sequence used for this fallback number is defined in the "Maintain Sequence" window with the name "DocumentNo_&lt;TableName&gt;", where TableName is the actual name of the table (e.g. C_Order).</Help>
                <AD_Val_Rule_ID reference="id"/>
                <ColumnName>Value</ColumnName>
                <DefaultValue/>
                <FieldLength>40</FieldLength>
                <IsKey>N</IsKey>
                <IsParent>N</IsParent>
                <IsMandatory>N</IsMandatory>
                <IsTranslated>N</IsTranslated>
                <IsIdentifier>N</IsIdentifier>
                <SeqNo/>
                <IsEncrypted>N</IsEncrypted>
                <AD_Reference_ID reference="id">10</AD_Reference_ID>
                <IsActive>Y</IsActive>
                <VFormat/>
                <Callout/>
                <AD_Element_ID reference="id">620</AD_Element_ID>
                <IsUpdateable>N</IsUpdateable>
                <AD_Process_ID reference="id"/>
                <ValueMin/>
                <ValueMax/>
                <IsSelectionColumn>Y</IsSelectionColumn>
                <ReadOnlyLogic/>
                <EntityType>JP</EntityType>
                <IsAlwaysUpdateable>N</IsAlwaysUpdateable>
                <ColumnSQL/>
                <MandatoryLogic/>
                <IsAutocomplete>N</IsAutocomplete>
                <IsAllowLogging>Y</IsAllowLogging>
                <FormatPattern/>
                <AD_Chart_ID reference="id"/>
                <AD_Column_UU>8f1b7624-c09a-422d-a24c-6fd67ff7fef7</AD_Column_UU>
                <IsAllowCopy>Y</IsAllowCopy>
                <SeqNoSelection>10</SeqNoSelection>
                <IsToolbarButton>N</IsToolbarButton>
                <IsSecure>N</IsSecure>
                <FKConstraintName/>
                <FKConstraintType>N</FKConstraintType>
                <PA_DashboardContent_ID reference="id"/>
                <Placeholder/>
                <IsHtml>N</IsHtml>
                <AD_Val_Rule_Lookup_ID reference="id"/>
                <AlwaysUpdatableLogic/>
                <AD_InfoWindow_ID reference="id"/>
                <FKConstraintMsg_ID reference="id"/>
                <PartitioningMethod/>
                <IsPartitionKey>N</IsPartitionKey>
                <SeqNoPartition/>
                <RangePartitionInterval/>
            </AD_Column>
            <AD_Column type="table">
                <IsSyncDatabase>Y</IsSyncDatabase>
                <AD_Table_ID reference="uuid" reference-key="AD_Table">b081d23d-64b1-486c-bd9e-bc48300b714f</AD_Table_ID>
                <AD_Reference_Value_ID reference="id"/>
                <AD_Client_ID>0</AD_Client_ID>
                <AD_Org_ID>0</AD_Org_ID>
                <Version>0.0</Version>
                <Name>Name</Name>
                <Description>Alphanumeric identifier of the entity</Description>
                <Help>The name of an entity (record) is used as an default search option in addition to the search key. The name is up to 60 characters in length.</Help>
                <AD_Val_Rule_ID reference="id"/>
                <ColumnName>Name</ColumnName>
                <DefaultValue/>
                <FieldLength>60</FieldLength>
                <IsKey>N</IsKey>
                <IsParent>N</IsParent>
                <IsMandatory>N</IsMandatory>
                <IsTranslated>N</IsTranslated>
                <IsIdentifier>Y</IsIdentifier>
                <SeqNo/>
                <IsEncrypted>N</IsEncrypted>
                <AD_Reference_ID reference="id">10</AD_Reference_ID>
                <IsActive>Y</IsActive>
                <VFormat/>
                <Callout/>
                <AD_Element_ID reference="id">469</AD_Element_ID>
                <IsUpdateable>N</IsUpdateable>
                <AD_Process_ID reference="id"/>
                <ValueMin/>
                <ValueMax/>
                <IsSelectionColumn>Y</IsSelectionColumn>
                <ReadOnlyLogic/>
                <EntityType>JP</EntityType>
                <IsAlwaysUpdateable>N</IsAlwaysUpdateable>
                <ColumnSQL/>
                <MandatoryLogic/>
                <IsAutocomplete>N</IsAutocomplete>
                <IsAllowLogging>Y</IsAllowLogging>
                <FormatPattern/>
                <AD_Chart_ID reference="id"/>
                <AD_Column_UU>2c0d7abf-a807-4698-9db3-6da5d37ce4fa</AD_Column_UU>
                <IsAllowCopy>Y</IsAllowCopy>
                <SeqNoSelection>20</SeqNoSelection>
                <IsToolbarButton>N</IsToolbarButton>
                <IsSecure>N</IsSecure>
                <FKConstraintName/>
                <FKConstraintType>N</FKConstraintType>
                <PA_DashboardContent_ID reference="id"/>
                <Placeholder/>
                <IsHtml>N</IsHtml>
                <AD_Val_Rule_Lookup_ID reference="id"/>
                <AlwaysUpdatableLogic/>
                <AD_InfoWindow_ID reference="id"/>
                <FKConstraintMsg_ID reference="id"/>
                <PartitioningMethod/>
                <IsPartitionKey>N</IsPartitionKey>
                <SeqNoPartition/>
                <RangePartitionInterval/>
            </AD_Column>
            <AD_Column type="table">
                <IsSyncDatabase>Y</IsSyncDatabase>
                <AD_Table_ID reference="uuid" reference-key="AD_Table">b081d23d-64b1-486c-bd9e-bc48300b714f</AD_Table_ID>
                <AD_Reference_Value_ID reference="id"/>
                <AD_Client_ID>0</AD_Client_ID>
                <AD_Org_ID>0</AD_Org_ID>
                <Version>0.0</Version>
                <Name>Description</Name>
                <Description>Optional short description of the record</Description>
                <Help>A description is limited to 255 characters.</Help>
                <AD_Val_Rule_ID reference="id"/>
                <ColumnName>Description</ColumnName>
                <DefaultValue/>
                <FieldLength>255</FieldLength>
                <IsKey>N</IsKey>
                <IsParent>N</IsParent>
                <IsMandatory>N</IsMandatory>
                <IsTranslated>N</IsTranslated>
                <IsIdentifier>N</IsIdentifier>
                <SeqNo/>
                <IsEncrypted>N</IsEncrypted>
                <AD_Reference_ID reference="id">10</AD_Reference_ID>
                <IsActive>Y</IsActive>
                <VFormat/>
                <Callout/>
                <AD_Element_ID reference="id">275</AD_Element_ID>
                <IsUpdateable>N</IsUpdateable>
                <AD_Process_ID reference="id"/>
                <ValueMin/>
                <ValueMax/>
                <IsSelectionColumn>Y</IsSelectionColumn>
                <ReadOnlyLogic/>
                <EntityType>JP</EntityType>
                <IsAlwaysUpdateable>N</IsAlwaysUpdateable>
                <ColumnSQL/>
                <MandatoryLogic/>
                <IsAutocomplete>N</IsAutocomplete>
                <IsAllowLogging>Y</IsAllowLogging>
                <FormatPattern/>
                <AD_Chart_ID reference="id"/>
                <AD_Column_UU>c1aafa40-3cf4-43bd-a1a2-4a9686d9c032</AD_Column_UU>
                <IsAllowCopy>Y</IsAllowCopy>
                <SeqNoSelection>30</SeqNoSelection>
                <IsToolbarButton>N</IsToolbarButton>
                <IsSecure>N</IsSecure>
                <FKConstraintName/>
                <FKConstraintType>N</FKConstraintType>
                <PA_DashboardContent_ID reference="id"/>
                <Placeholder/>
                <IsHtml>N</IsHtml>
                <AD_Val_Rule_Lookup_ID reference="id"/>
                <AlwaysUpdatableLogic/>
                <AD_InfoWindow_ID reference="id"/>
                <FKConstraintMsg_ID reference="id"/>
                <PartitioningMethod/>
                <IsPartitionKey>N</IsPartitionKey>
                <SeqNoPartition/>
                <RangePartitionInterval/>
            </AD_Column>
            <AD_Column type="table">
                <IsSyncDatabase>Y</IsSyncDatabase>
                <AD_Table_ID reference="uuid" reference-key="AD_Table">b081d23d-64b1-486c-bd9e-bc48300b714f</AD_Table_ID>
                <AD_Reference_Value_ID reference="id"/>
                <AD_Client_ID>0</AD_Client_ID>
                <AD_Org_ID>0</AD_Org_ID>
                <Version>0.0</Version>
                <Name>Summary Level</Name>
                <Description>This is a summary entity</Description>
                <Help>A summary entity represents a branch in a tree rather than an end-node. Summary entities are used for reporting and do not have own values.</Help>
                <AD_Val_Rule_ID reference="id"/>
                <ColumnName>IsSummary</ColumnName>
                <DefaultValue>N</DefaultValue>
                <FieldLength>1</FieldLength>
                <IsKey>N</IsKey>
                <IsParent>N</IsParent>
                <IsMandatory>Y</IsMandatory>
                <IsTranslated>N</IsTranslated>
                <IsIdentifier>N</IsIdentifier>
                <SeqNo/>
                <IsEncrypted>N</IsEncrypted>
                <AD_Reference_ID reference="id">20</AD_Reference_ID>
                <IsActive>Y</IsActive>
                <VFormat/>
                <Callout/>
                <AD_Element_ID reference="id">416</AD_Element_ID>
                <IsUpdateable>N</IsUpdateable>
                <AD_Process_ID reference="id"/>
                <ValueMin/>
                <ValueMax/>
                <IsSelectionColumn>N</IsSelectionColumn>
                <ReadOnlyLogic/>
                <EntityType>JP</EntityType>
                <IsAlwaysUpdateable>N</IsAlwaysUpdateable>
                <ColumnSQL/>
                <MandatoryLogic/>
                <IsAutocomplete>N</IsAutocomplete>
                <IsAllowLogging>Y</IsAllowLogging>
                <FormatPattern/>
                <AD_Chart_ID reference="id"/>
                <AD_Column_UU>358ef064-bf10-426c-86db-b33fa8d7965d</AD_Column_UU>
                <IsAllowCopy>Y</IsAllowCopy>
                <SeqNoSelection/>
                <IsToolbarButton>N</IsToolbarButton>
                <IsSecure>N</IsSecure>
                <FKConstraintName/>
                <FKConstraintType>N</FKConstraintType>
                <PA_DashboardContent_ID reference="id"/>
                <Placeholder/>
                <IsHtml>N</IsHtml>
                <AD_Val_Rule_Lookup_ID reference="id"/>
                <AlwaysUpdatableLogic/>
                <AD_InfoWindow_ID reference="id"/>
                <FKConstraintMsg_ID reference="id"/>
                <PartitioningMethod/>
                <IsPartitionKey>N</IsPartitionKey>
                <SeqNoPartition/>
                <RangePartitionInterval/>
            </AD_Column>
        </AD_Table>
        <AD_Tab type="table">
            <AD_Client_ID>0</AD_Client_ID>
            <AD_Org_ID>0</AD_Org_ID>
            <Name>Organization</Name>
            <Description/>
            <Help/>
            <AD_Window_ID reference="id">200092</AD_Window_ID>
            <SeqNo>99</SeqNo>
            <IsSingleRow>Y</IsSingleRow>
            <AD_Table_ID reference="uuid" reference-key="AD_Table">b081d23d-64b1-486c-bd9e-bc48300b714f</AD_Table_ID>
            <IsActive>Y</IsActive>
            <HasTree>N</HasTree>
            <IsInfoTab>N</IsInfoTab>
            <IsTranslationTab>N</IsTranslationTab>
            <IsReadOnly>N</IsReadOnly>
            <AD_Column_ID reference="uuid" reference-key="AD_Column">072abd81-8676-4769-8de1-d21033e3a991</AD_Column_ID>
            <WhereClause/>
            <OrderByClause>JP_AllOrgs_V.Value</OrderByClause>
            <CommitWarning/>
            <AD_Process_ID reference="id"/>
            <Processing>N</Processing>
            <AD_Image_ID reference="id"/>
            <ImportFields/>
            <TabLevel>1</TabLevel>
            <IsSortTab>N</IsSortTab>
            <AD_ColumnSortYesNo_ID reference="id"/>
            <AD_ColumnSortOrder_ID reference="id"/>
            <EntityType>JP</EntityType>
            <Included_Tab_ID reference="id"/>
            <ReadOnlyLogic/>
            <DisplayLogic/>
            <IsInsertRecord>Y</IsInsertRecord>
            <IsAdvancedTab>N</IsAdvancedTab>
            <Parent_Column_ID reference="id"/>
            <AD_Tab_UU>0a456035-aced-4e68-8634-7003f06ca47b</AD_Tab_UU>
            <AD_CtxHelp_ID reference="id"/>
            <TreeDisplayedOn>B</TreeDisplayedOn>
            <AD_TabType/>
            <IsLookupOnlySelection>N</IsLookupOnlySelection>
            <IsAllowAdvancedLookup>Y</IsAllowAdvancedLookup>
            <MaxQueryRecords>0</MaxQueryRecords>
            <IsHighVolume/>
            <DeleteConfirmationLogic/>
            <JPAdditionalHeaderLine>0</JPAdditionalHeaderLine>
            <AD_Tab_Trl type="translation">
                <CommitWarning/>
                <Description/>
                <Help/>
                <Name>組織</Name>
                <AD_Language>ja_JP</AD_Language>
                <IsActive>Y</IsActive>
                <IsTranslated>N</IsTranslated>
            </AD_Tab_Trl>
            <AD_Field type="table">
                <AD_Client_ID>0</AD_Client_ID>
                <AD_Org_ID>0</AD_Org_ID>
                <Name>Organization</Name>
                <Description>Organizational entity within tenant</Description>
                <Help>An organization is a unit of your tenant or legal entity - examples are store, department. You can share data between organizations.</Help>
                <AD_Tab_ID reference="uuid" reference-key="AD_Tab">0a456035-aced-4e68-8634-7003f06ca47b</AD_Tab_ID>
                <AD_Column_ID reference="uuid" reference-key="AD_Column">dac8b1cd-c55a-42b1-9862-5a82dd589545</AD_Column_ID>
                <IsDisplayed>N</IsDisplayed>
                <DisplayLogic/>
                <DisplayLength>10</DisplayLength>
                <SeqNo>0</SeqNo>
                <SortNo/>
                <IsSameLine>N</IsSameLine>
                <IsHeading>N</IsHeading>
                <IsFieldOnly>N</IsFieldOnly>
                <IsEncrypted>N</IsEncrypted>
                <IsActive>Y</IsActive>
                <IsReadOnly>N</IsReadOnly>
                <IsCentrallyMaintained>Y</IsCentrallyMaintained>
                <AD_FieldGroup_ID reference="id"/>
                <EntityType>JP</EntityType>
                <ObscureType/>
                <AD_Reference_ID reference="id"/>
                <IsMandatory/>
                <DefaultValue/>
                <AD_Reference_Value_ID reference="id"/>
                <AD_Val_Rule_ID reference="id"/>
                <Included_Tab_ID reference="id"/>
                <AD_Field_UU>317aa1ae-eaf5-42b1-bb05-aff7cd76c571</AD_Field_UU>
                <IsAllowCopy>Y</IsAllowCopy>
                <IsDisplayedGrid>N</IsDisplayedGrid>
                <SeqNoGrid/>
                <XPosition>1</XPosition>
                <ColumnSpan>2</ColumnSpan>
                <NumLines>1</NumLines>
                <IsQuickEntry>N</IsQuickEntry>
                <IsUpdateable/>
                <IsAlwaysUpdateable/>
                <MandatoryLogic/>
                <ReadOnlyLogic/>
                <IsToolbarButton/>
                <IsDefaultFocus>N</IsDefaultFocus>
                <IsAdvancedField>N</IsAdvancedField>
                <VFormat/>
                <AD_LabelStyle_ID reference="id"/>
                <AD_FieldStyle_ID reference="id"/>
                <IsQuickForm>N</IsQuickForm>
                <Placeholder/>
                <IsSelectionColumn/>
                <AD_Val_Rule_Lookup_ID reference="id"/>
                <ColumnSQL/>
                <AD_Chart_ID reference="id"/>
                <AlwaysUpdatableLogic/>
                <AD_Field_Trl type="translation">
                    <Description/>
                    <Help>組織はクライアントの次に大きなシステム的な枠組みです。組織は必ず1つのクライアントに所属する事になります。iDempiere/JPiereを使用する際には、組織をどのように使用するのか定義する必要があります。</Help>
                    <Name>組織</Name>
                    <Placeholder/>
                    <AD_Language>ja_JP</AD_Language>
                    <IsActive>Y</IsActive>
                    <IsTranslated>Y</IsTranslated>
                </AD_Field_Trl>
            </AD_Field>
            <AD_Field type="table">
                <AD_Client_ID>0</AD_Client_ID>
                <AD_Org_ID>0</AD_Org_ID>
                <Name>JP_AllOrgs_V</Name>
                <Description/>
                <Help/>
                <AD_Tab_ID reference="uuid" reference-key="AD_Tab">0a456035-aced-4e68-8634-7003f06ca47b</AD_Tab_ID>
                <AD_Column_ID reference="uuid" reference-key="AD_Column">addbb6bf-5703-47f6-b4a4-8698768fc2ea</AD_Column_ID>
                <IsDisplayed>N</IsDisplayed>
                <DisplayLogic/>
                <DisplayLength>10</DisplayLength>
                <SeqNo>0</SeqNo>
                <SortNo/>
                <IsSameLine>N</IsSameLine>
                <IsHeading>N</IsHeading>
                <IsFieldOnly>N</IsFieldOnly>
                <IsEncrypted>N</IsEncrypted>
                <IsActive>Y</IsActive>
                <IsReadOnly>N</IsReadOnly>
                <IsCentrallyMaintained>Y</IsCentrallyMaintained>
                <AD_FieldGroup_ID reference="id"/>
                <EntityType>JP</EntityType>
                <ObscureType/>
                <AD_Reference_ID reference="id"/>
                <IsMandatory/>
                <DefaultValue/>
                <AD_Reference_Value_ID reference="id"/>
                <AD_Val_Rule_ID reference="id"/>
                <Included_Tab_ID reference="id"/>
                <AD_Field_UU>eabede25-c9ea-4dde-b9ea-26c74f80c1d1</AD_Field_UU>
                <IsAllowCopy/>
                <IsDisplayedGrid>N</IsDisplayedGrid>
                <SeqNoGrid/>
                <XPosition>1</XPosition>
                <ColumnSpan>2</ColumnSpan>
                <NumLines>1</NumLines>
                <IsQuickEntry>N</IsQuickEntry>
                <IsUpdateable/>
                <IsAlwaysUpdateable/>
                <MandatoryLogic/>
                <ReadOnlyLogic/>
                <IsToolbarButton/>
                <IsDefaultFocus>N</IsDefaultFocus>
                <IsAdvancedField>N</IsAdvancedField>
                <VFormat/>
                <AD_LabelStyle_ID reference="id"/>
                <AD_FieldStyle_ID reference="id"/>
                <IsQuickForm>N</IsQuickForm>
                <Placeholder/>
                <IsSelectionColumn/>
                <AD_Val_Rule_Lookup_ID reference="id"/>
                <ColumnSQL/>
                <AD_Chart_ID reference="id"/>
                <AlwaysUpdatableLogic/>
                <AD_Field_Trl type="translation">
                    <Description/>
                    <Help/>
                    <Name>JP_AllOrgs_V</Name>
                    <Placeholder/>
                    <AD_Language>ja_JP</AD_Language>
                    <IsActive>Y</IsActive>
                    <IsTranslated>N</IsTranslated>
                </AD_Field_Trl>
            </AD_Field>
            <AD_Field type="table">
                <AD_Client_ID>0</AD_Client_ID>
                <AD_Org_ID>0</AD_Org_ID>
                <Name>JP_AllOrgs_V_UU</Name>
                <Description/>
                <Help/>
                <AD_Tab_ID reference="uuid" reference-key="AD_Tab">0a456035-aced-4e68-8634-7003f06ca47b</AD_Tab_ID>
                <AD_Column_ID reference="uuid" reference-key="AD_Column">392a5fad-f54b-4edf-85b7-2c5dee109bab</AD_Column_ID>
                <IsDisplayed>N</IsDisplayed>
                <DisplayLogic/>
                <DisplayLength>36</DisplayLength>
                <SeqNo>0</SeqNo>
                <SortNo/>
                <IsSameLine>N</IsSameLine>
                <IsHeading>N</IsHeading>
                <IsFieldOnly>N</IsFieldOnly>
                <IsEncrypted>N</IsEncrypted>
                <IsActive>Y</IsActive>
                <IsReadOnly>N</IsReadOnly>
                <IsCentrallyMaintained>Y</IsCentrallyMaintained>
                <AD_FieldGroup_ID reference="id"/>
                <EntityType>JP</EntityType>
                <ObscureType/>
                <AD_Reference_ID reference="id"/>
                <IsMandatory/>
                <DefaultValue/>
                <AD_Reference_Value_ID reference="id"/>
                <AD_Val_Rule_ID reference="id"/>
                <Included_Tab_ID reference="id"/>
                <AD_Field_UU>adfa512a-e19f-4b9b-90c0-f80c473786d1</AD_Field_UU>
                <IsAllowCopy/>
                <IsDisplayedGrid>N</IsDisplayedGrid>
                <SeqNoGrid/>
                <XPosition>1</XPosition>
                <ColumnSpan>2</ColumnSpan>
                <NumLines>1</NumLines>
                <IsQuickEntry>N</IsQuickEntry>
                <IsUpdateable/>
                <IsAlwaysUpdateable/>
                <MandatoryLogic/>
                <ReadOnlyLogic/>
                <IsToolbarButton/>
                <IsDefaultFocus>N</IsDefaultFocus>
                <IsAdvancedField>N</IsAdvancedField>
                <VFormat/>
                <AD_LabelStyle_ID reference="id"/>
                <AD_FieldStyle_ID reference="id"/>
                <IsQuickForm>N</IsQuickForm>
                <Placeholder/>
                <IsSelectionColumn/>
                <AD_Val_Rule_Lookup_ID reference="id"/>
                <ColumnSQL/>
                <AD_Chart_ID reference="id"/>
                <AlwaysUpdatableLogic/>
                <AD_Field_Trl type="translation">
                    <Description/>
                    <Help/>
                    <Name>JP_AllOrgs_V_UU</Name>
                    <Placeholder/>
                    <AD_Language>ja_JP</AD_Language>
                    <IsActive>Y</IsActive>
                    <IsTranslated>N</IsTranslated>
                </AD_Field_Trl>
            </AD_Field>
            <AD_Field type="table">
                <AD_Client_ID>0</AD_Client_ID>
                <AD_Org_ID>0</AD_Org_ID>
                <Name>Tenant</Name>
                <Description>Tenant for this installation.</Description>
                <Help>A Tenant is a company or a legal entity. You cannot share data between Tenants.</Help>
                <AD_Tab_ID reference="uuid" reference-key="AD_Tab">0a456035-aced-4e68-8634-7003f06ca47b</AD_Tab_ID>
                <AD_Column_ID reference="uuid" reference-key="AD_Column">4edab1dd-6f9e-408f-926b-f007342cb274</AD_Column_ID>
                <IsDisplayed>N</IsDisplayed>
                <DisplayLogic/>
                <DisplayLength>10</DisplayLength>
                <SeqNo>0</SeqNo>
                <SortNo/>
                <IsSameLine>N</IsSameLine>
                <IsHeading>N</IsHeading>
                <IsFieldOnly>N</IsFieldOnly>
                <IsEncrypted>N</IsEncrypted>
                <IsActive>Y</IsActive>
                <IsReadOnly>N</IsReadOnly>
                <IsCentrallyMaintained>Y</IsCentrallyMaintained>
                <AD_FieldGroup_ID reference="id"/>
                <EntityType>JP</EntityType>
                <ObscureType/>
                <AD_Reference_ID reference="id"/>
                <IsMandatory/>
                <DefaultValue/>
                <AD_Reference_Value_ID reference="id"/>
                <AD_Val_Rule_ID reference="id"/>
                <Included_Tab_ID reference="id"/>
                <AD_Field_UU>c347282b-a5bf-4eec-88d8-76eb34e40ea5</AD_Field_UU>
                <IsAllowCopy/>
                <IsDisplayedGrid>N</IsDisplayedGrid>
                <SeqNoGrid/>
                <XPosition>1</XPosition>
                <ColumnSpan>2</ColumnSpan>
                <NumLines>1</NumLines>
                <IsQuickEntry>N</IsQuickEntry>
                <IsUpdateable/>
                <IsAlwaysUpdateable/>
                <MandatoryLogic/>
                <ReadOnlyLogic/>
                <IsToolbarButton/>
                <IsDefaultFocus>N</IsDefaultFocus>
                <IsAdvancedField>N</IsAdvancedField>
                <VFormat/>
                <AD_LabelStyle_ID reference="id"/>
                <AD_FieldStyle_ID reference="id"/>
                <IsQuickForm>N</IsQuickForm>
                <Placeholder/>
                <IsSelectionColumn/>
                <AD_Val_Rule_Lookup_ID reference="id"/>
                <ColumnSQL/>
                <AD_Chart_ID reference="id"/>
                <AlwaysUpdatableLogic/>
                <AD_Field_Trl type="translation">
                    <Description/>
                    <Help>テナントはシステム的に一番大きな枠組みです。iDempiere/JPiereを使用する際には、テナントを１つの会社とするのか、それとも企業グループとするのか定義する必要があります。テナントは複数作成する事ができます。</Help>
                    <Name>テナント</Name>
                    <Placeholder/>
                    <AD_Language>ja_JP</AD_Language>
                    <IsActive>Y</IsActive>
                    <IsTranslated>Y</IsTranslated>
                </AD_Field_Trl>
            </AD_Field>
            <AD_Field type="table">
                <AD_Client_ID>0</AD_Client_ID>
                <AD_Org_ID>0</AD_Org_ID>
                <Name>Tenant (All)</Name>
                <Description/>
                <Help/>
                <AD_Tab_ID reference="uuid" reference-key="AD_Tab">0a456035-aced-4e68-8634-7003f06ca47b</AD_Tab_ID>
                <AD_Column_ID reference="uuid" reference-key="AD_Column">072abd81-8676-4769-8de1-d21033e3a991</AD_Column_ID>
                <IsDisplayed>Y</IsDisplayed>
                <DisplayLogic/>
                <DisplayLength>10</DisplayLength>
                <SeqNo>10</SeqNo>
                <SortNo/>
                <IsSameLine>N</IsSameLine>
                <IsHeading>N</IsHeading>
                <IsFieldOnly>N</IsFieldOnly>
                <IsEncrypted>N</IsEncrypted>
                <IsActive>Y</IsActive>
                <IsReadOnly>N</IsReadOnly>
                <IsCentrallyMaintained>Y</IsCentrallyMaintained>
                <AD_FieldGroup_ID reference="id"/>
                <EntityType>JP</EntityType>
                <ObscureType/>
                <AD_Reference_ID reference="id"/>
                <IsMandatory/>
                <DefaultValue/>
                <AD_Reference_Value_ID reference="id"/>
                <AD_Val_Rule_ID reference="id"/>
                <Included_Tab_ID reference="id"/>
                <AD_Field_UU>b625dae3-2401-4c25-b29c-d73f12474786</AD_Field_UU>
                <IsAllowCopy/>
                <IsDisplayedGrid>Y</IsDisplayedGrid>
                <SeqNoGrid>10</SeqNoGrid>
                <XPosition>1</XPosition>
                <ColumnSpan>2</ColumnSpan>
                <NumLines>1</NumLines>
                <IsQuickEntry>N</IsQuickEntry>
                <IsUpdateable/>
                <IsAlwaysUpdateable/>
                <MandatoryLogic/>
                <ReadOnlyLogic/>
                <IsToolbarButton/>
                <IsDefaultFocus>N</IsDefaultFocus>
                <IsAdvancedField>N</IsAdvancedField>
                <VFormat/>
                <AD_LabelStyle_ID reference="id"/>
                <AD_FieldStyle_ID reference="id"/>
                <IsQuickForm>N</IsQuickForm>
                <Placeholder/>
                <IsSelectionColumn/>
                <AD_Val_Rule_Lookup_ID reference="id"/>
                <ColumnSQL/>
                <AD_Chart_ID reference="id"/>
                <AlwaysUpdatableLogic/>
                <AD_Field_Trl type="translation">
                    <Description/>
                    <Help/>
                    <Name>テナント</Name>
                    <Placeholder/>
                    <AD_Language>ja_JP</AD_Language>
                    <IsActive>Y</IsActive>
                    <IsTranslated>N</IsTranslated>
                </AD_Field_Trl>
            </AD_Field>
            <AD_Field type="table">
                <AD_Client_ID>0</AD_Client_ID>
                <AD_Org_ID>0</AD_Org_ID>
                <Name>Search Key</Name>
                <Description>Search key for the record in the format required - must be unique</Description>
                <Help>A search key allows you a fast method of finding a particular record.
If you leave the search key empty, the system automatically creates a numeric number.  The document sequence used for this fallback number is defined in the "Maintain Sequence" window with the name "DocumentNo_&lt;TableName&gt;", where TableName is the actual name of the table (e.g. C_Order).</Help>
                <AD_Tab_ID reference="uuid" reference-key="AD_Tab">0a456035-aced-4e68-8634-7003f06ca47b</AD_Tab_ID>
                <AD_Column_ID reference="uuid" reference-key="AD_Column">8f1b7624-c09a-422d-a24c-6fd67ff7fef7</AD_Column_ID>
                <IsDisplayed>Y</IsDisplayed>
                <DisplayLogic/>
                <DisplayLength>40</DisplayLength>
                <SeqNo>20</SeqNo>
                <SortNo/>
                <IsSameLine>N</IsSameLine>
                <IsHeading>N</IsHeading>
                <IsFieldOnly>N</IsFieldOnly>
                <IsEncrypted>N</IsEncrypted>
                <IsActive>Y</IsActive>
                <IsReadOnly>N</IsReadOnly>
                <IsCentrallyMaintained>Y</IsCentrallyMaintained>
                <AD_FieldGroup_ID reference="id"/>
                <EntityType>JP</EntityType>
                <ObscureType/>
                <AD_Reference_ID reference="id"/>
                <IsMandatory/>
                <DefaultValue/>
                <AD_Reference_Value_ID reference="id"/>
                <AD_Val_Rule_ID reference="id"/>
                <Included_Tab_ID reference="id"/>
                <AD_Field_UU>8196141a-21ab-4299-afad-60894626568f</AD_Field_UU>
                <IsAllowCopy/>
                <IsDisplayedGrid>Y</IsDisplayedGrid>
                <SeqNoGrid>20</SeqNoGrid>
                <XPosition>1</XPosition>
                <ColumnSpan>2</ColumnSpan>
                <NumLines>1</NumLines>
                <IsQuickEntry>N</IsQuickEntry>
                <IsUpdateable/>
                <IsAlwaysUpdateable/>
                <MandatoryLogic/>
                <ReadOnlyLogic/>
                <IsToolbarButton/>
                <IsDefaultFocus>N</IsDefaultFocus>
                <IsAdvancedField>N</IsAdvancedField>
                <VFormat/>
                <AD_LabelStyle_ID reference="id"/>
                <AD_FieldStyle_ID reference="id"/>
                <IsQuickForm>N</IsQuickForm>
                <Placeholder/>
                <IsSelectionColumn/>
                <AD_Val_Rule_Lookup_ID reference="id"/>
                <ColumnSQL/>
                <AD_Chart_ID reference="id"/>
                <AlwaysUpdatableLogic/>
                <AD_Field_Trl type="translation">
                    <Description/>
                    <Help/>
                    <Name>検索キー</Name>
                    <Placeholder/>
                    <AD_Language>ja_JP</AD_Language>
                    <IsActive>Y</IsActive>
                    <IsTranslated>Y</IsTranslated>
                </AD_Field_Trl>
            </AD_Field>
            <AD_Field type="table">
                <AD_Client_ID>0</AD_Client_ID>
                <AD_Org_ID>0</AD_Org_ID>
                <Name>Name</Name>
                <Description>Alphanumeric identifier of the entity</Description>
                <Help>The name of an entity (record) is used as an default search option in addition to the search key. The name is up to 60 characters in length.</Help>
                <AD_Tab_ID reference="uuid" reference-key="AD_Tab">0a456035-aced-4e68-8634-7003f06ca47b</AD_Tab_ID>
                <AD_Column_ID reference="uuid" reference-key="AD_Column">2c0d7abf-a807-4698-9db3-6da5d37ce4fa</AD_Column_ID>
                <IsDisplayed>Y</IsDisplayed>
                <DisplayLogic/>
                <DisplayLength>60</DisplayLength>
                <SeqNo>30</SeqNo>
                <SortNo/>
                <IsSameLine>N</IsSameLine>
                <IsHeading>N</IsHeading>
                <IsFieldOnly>N</IsFieldOnly>
                <IsEncrypted>N</IsEncrypted>
                <IsActive>Y</IsActive>
                <IsReadOnly>N</IsReadOnly>
                <IsCentrallyMaintained>Y</IsCentrallyMaintained>
                <AD_FieldGroup_ID reference="id"/>
                <EntityType>JP</EntityType>
                <ObscureType/>
                <AD_Reference_ID reference="id"/>
                <IsMandatory/>
                <DefaultValue/>
                <AD_Reference_Value_ID reference="id"/>
                <AD_Val_Rule_ID reference="id"/>
                <Included_Tab_ID reference="id"/>
                <AD_Field_UU>00b995ed-9391-4f62-bed7-11ce79fe1609</AD_Field_UU>
                <IsAllowCopy/>
                <IsDisplayedGrid>Y</IsDisplayedGrid>
                <SeqNoGrid>30</SeqNoGrid>
                <XPosition>1</XPosition>
                <ColumnSpan>5</ColumnSpan>
                <NumLines>1</NumLines>
                <IsQuickEntry>N</IsQuickEntry>
                <IsUpdateable/>
                <IsAlwaysUpdateable/>
                <MandatoryLogic/>
                <ReadOnlyLogic/>
                <IsToolbarButton/>
                <IsDefaultFocus>N</IsDefaultFocus>
                <IsAdvancedField>N</IsAdvancedField>
                <VFormat/>
                <AD_LabelStyle_ID reference="id"/>
                <AD_FieldStyle_ID reference="id"/>
                <IsQuickForm>N</IsQuickForm>
                <Placeholder/>
                <IsSelectionColumn/>
                <AD_Val_Rule_Lookup_ID reference="id"/>
                <ColumnSQL/>
                <AD_Chart_ID reference="id"/>
                <AlwaysUpdatableLogic/>
                <AD_Field_Trl type="translation">
                    <Description/>
                    <Help/>
                    <Name>名称</Name>
                    <Placeholder/>
                    <AD_Language>ja_JP</AD_Language>
                    <IsActive>Y</IsActive>
                    <IsTranslated>Y</IsTranslated>
                </AD_Field_Trl>
            </AD_Field>
            <AD_Field type="table">
                <AD_Client_ID>0</AD_Client_ID>
                <AD_Org_ID>0</AD_Org_ID>
                <Name>Description</Name>
                <Description>Optional short description of the record</Description>
                <Help>A description is limited to 255 characters.</Help>
                <AD_Tab_ID reference="uuid" reference-key="AD_Tab">0a456035-aced-4e68-8634-7003f06ca47b</AD_Tab_ID>
                <AD_Column_ID reference="uuid" reference-key="AD_Column">c1aafa40-3cf4-43bd-a1a2-4a9686d9c032</AD_Column_ID>
                <IsDisplayed>Y</IsDisplayed>
                <DisplayLogic/>
                <DisplayLength>255</DisplayLength>
                <SeqNo>40</SeqNo>
                <SortNo/>
                <IsSameLine>N</IsSameLine>
                <IsHeading>N</IsHeading>
                <IsFieldOnly>N</IsFieldOnly>
                <IsEncrypted>N</IsEncrypted>
                <IsActive>Y</IsActive>
                <IsReadOnly>N</IsReadOnly>
                <IsCentrallyMaintained>Y</IsCentrallyMaintained>
                <AD_FieldGroup_ID reference="id"/>
                <EntityType>JP</EntityType>
                <ObscureType/>
                <AD_Reference_ID reference="id"/>
                <IsMandatory/>
                <DefaultValue/>
                <AD_Reference_Value_ID reference="id"/>
                <AD_Val_Rule_ID reference="id"/>
                <Included_Tab_ID reference="id"/>
                <AD_Field_UU>492de1e1-2ca6-4aa1-8e79-e35882d771a8</AD_Field_UU>
                <IsAllowCopy/>
                <IsDisplayedGrid>Y</IsDisplayedGrid>
                <SeqNoGrid>40</SeqNoGrid>
                <XPosition>1</XPosition>
                <ColumnSpan>5</ColumnSpan>
                <NumLines>1</NumLines>
                <IsQuickEntry>N</IsQuickEntry>
                <IsUpdateable/>
                <IsAlwaysUpdateable/>
                <MandatoryLogic/>
                <ReadOnlyLogic/>
                <IsToolbarButton/>
                <IsDefaultFocus>N</IsDefaultFocus>
                <IsAdvancedField>N</IsAdvancedField>
                <VFormat/>
                <AD_LabelStyle_ID reference="id"/>
                <AD_FieldStyle_ID reference="id"/>
                <IsQuickForm>N</IsQuickForm>
                <Placeholder/>
                <IsSelectionColumn/>
                <AD_Val_Rule_Lookup_ID reference="id"/>
                <ColumnSQL/>
                <AD_Chart_ID reference="id"/>
                <AlwaysUpdatableLogic/>
                <AD_Field_Trl type="translation">
                    <Description/>
                    <Help>伝票の説明欄に入力した情報は、自動仕訳の説明欄に引き継がれます。</Help>
                    <Name>説明欄</Name>
                    <Placeholder/>
                    <AD_Language>ja_JP</AD_Language>
                    <IsActive>Y</IsActive>
                    <IsTranslated>Y</IsTranslated>
                </AD_Field_Trl>
            </AD_Field>
            <AD_Field type="table">
                <AD_Client_ID>0</AD_Client_ID>
                <AD_Org_ID>0</AD_Org_ID>
                <Name>Active</Name>
                <Description>The record is active in the system</Description>
                <Help>There are two methods of making records unavailable in the system: One is to delete the record, the other is to de-activate the record. A de-activated record is not available for selection, but available for reports.
There are two reasons for de-activating and not deleting records:
(1) The system requires the record for audit purposes.
(2) The record is referenced by other records. E.g., you cannot delete a Business Partner, if there are invoices for this partner record existing. You de-activate the Business Partner and prevent that this record is used for future entries.</Help>
                <AD_Tab_ID reference="uuid" reference-key="AD_Tab">0a456035-aced-4e68-8634-7003f06ca47b</AD_Tab_ID>
                <AD_Column_ID reference="uuid" reference-key="AD_Column">f5f6c9ca-d62d-41a5-87f9-9bf8a2e855ff</AD_Column_ID>
                <IsDisplayed>Y</IsDisplayed>
                <DisplayLogic/>
                <DisplayLength>1</DisplayLength>
                <SeqNo>50</SeqNo>
                <SortNo/>
                <IsSameLine>N</IsSameLine>
                <IsHeading>N</IsHeading>
                <IsFieldOnly>N</IsFieldOnly>
                <IsEncrypted>N</IsEncrypted>
                <IsActive>Y</IsActive>
                <IsReadOnly>N</IsReadOnly>
                <IsCentrallyMaintained>Y</IsCentrallyMaintained>
                <AD_FieldGroup_ID reference="id"/>
                <EntityType>JP</EntityType>
                <ObscureType/>
                <AD_Reference_ID reference="id"/>
                <IsMandatory/>
                <DefaultValue/>
                <AD_Reference_Value_ID reference="id"/>
                <AD_Val_Rule_ID reference="id"/>
                <Included_Tab_ID reference="id"/>
                <AD_Field_UU>557f9d5a-4430-4ee7-8d71-d5069bea1e25</AD_Field_UU>
                <IsAllowCopy/>
                <IsDisplayedGrid>Y</IsDisplayedGrid>
                <SeqNoGrid>50</SeqNoGrid>
                <XPosition>2</XPosition>
                <ColumnSpan>2</ColumnSpan>
                <NumLines>1</NumLines>
                <IsQuickEntry>N</IsQuickEntry>
                <IsUpdateable/>
                <IsAlwaysUpdateable/>
                <MandatoryLogic/>
                <ReadOnlyLogic/>
                <IsToolbarButton/>
                <IsDefaultFocus>N</IsDefaultFocus>
                <IsAdvancedField>N</IsAdvancedField>
                <VFormat/>
                <AD_LabelStyle_ID reference="id"/>
                <AD_FieldStyle_ID reference="id"/>
                <IsQuickForm>N</IsQuickForm>
                <Placeholder/>
                <IsSelectionColumn/>
                <AD_Val_Rule_Lookup_ID reference="id"/>
                <ColumnSQL/>
                <AD_Chart_ID reference="id"/>
                <AlwaysUpdatableLogic/>
                <AD_Field_Trl type="translation">
                    <Description/>
                    <Help/>
                    <Name>アクティブ</Name>
                    <Placeholder/>
                    <AD_Language>ja_JP</AD_Language>
                    <IsActive>Y</IsActive>
                    <IsTranslated>Y</IsTranslated>
                </AD_Field_Trl>
            </AD_Field>
            <AD_Field type="table">
                <AD_Client_ID>0</AD_Client_ID>
                <AD_Org_ID>0</AD_Org_ID>
                <Name>Summary Level</Name>
                <Description>This is a summary entity</Description>
                <Help>A summary entity represents a branch in a tree rather than an end-node. Summary entities are used for reporting and do not have own values.</Help>
                <AD_Tab_ID reference="uuid" reference-key="AD_Tab">0a456035-aced-4e68-8634-7003f06ca47b</AD_Tab_ID>
                <AD_Column_ID reference="uuid" reference-key="AD_Column">358ef064-bf10-426c-86db-b33fa8d7965d</AD_Column_ID>
                <IsDisplayed>Y</IsDisplayed>
                <DisplayLogic/>
                <DisplayLength>1</DisplayLength>
                <SeqNo>60</SeqNo>
                <SortNo/>
                <IsSameLine>N</IsSameLine>
                <IsHeading>N</IsHeading>
                <IsFieldOnly>N</IsFieldOnly>
                <IsEncrypted>N</IsEncrypted>
                <IsActive>Y</IsActive>
                <IsReadOnly>N</IsReadOnly>
                <IsCentrallyMaintained>Y</IsCentrallyMaintained>
                <AD_FieldGroup_ID reference="id"/>
                <EntityType>JP</EntityType>
                <ObscureType/>
                <AD_Reference_ID reference="id"/>
                <IsMandatory/>
                <DefaultValue/>
                <AD_Reference_Value_ID reference="id"/>
                <AD_Val_Rule_ID reference="id"/>
                <Included_Tab_ID reference="id"/>
                <AD_Field_UU>011c530c-9cb1-4d1c-8445-fa32d74bc349</AD_Field_UU>
                <IsAllowCopy/>
                <IsDisplayedGrid>Y</IsDisplayedGrid>
                <SeqNoGrid>60</SeqNoGrid>
                <XPosition>5</XPosition>
                <ColumnSpan>2</ColumnSpan>
                <NumLines>1</NumLines>
                <IsQuickEntry>N</IsQuickEntry>
                <IsUpdateable/>
                <IsAlwaysUpdateable/>
                <MandatoryLogic/>
                <ReadOnlyLogic/>
                <IsToolbarButton/>
                <IsDefaultFocus>N</IsDefaultFocus>
                <IsAdvancedField>N</IsAdvancedField>
                <VFormat/>
                <AD_LabelStyle_ID reference="id"/>
                <AD_FieldStyle_ID reference="id"/>
                <IsQuickForm>N</IsQuickForm>
                <Placeholder/>
                <IsSelectionColumn/>
                <AD_Val_Rule_Lookup_ID reference="id"/>
                <ColumnSQL/>
                <AD_Chart_ID reference="id"/>
                <AlwaysUpdatableLogic/>
                <AD_Field_Trl type="translation">
                    <Description/>
                    <Help/>
                    <Name>サマリー階層</Name>
                    <Placeholder/>
                    <AD_Language>ja_JP</AD_Language>
                    <IsActive>Y</IsActive>
                    <IsTranslated>Y</IsTranslated>
                </AD_Field_Trl>
            </AD_Field>
        </AD_Tab>
        <AD_Preference type="table">
            <AD_Client_ID>0</AD_Client_ID>
            <AD_Org_ID>0</AD_Org_ID>
            <IsActive>Y</IsActive>
            <Value>577px</Value>
            <AD_User_ID reference="id">100</AD_User_ID>
            <AD_Window_ID reference="id">200092</AD_Window_ID>
            <Attribute>200226|DetailPane.Height</Attribute>
            <AD_Preference_UU>13691734-4098-4b61-ae27-9e77a0d0476a</AD_Preference_UU>
            <AD_Process_ID reference="id"/>
            <PreferenceFor>W</PreferenceFor>
            <AD_InfoWindow_ID reference="id"/>
            <AD_Form_ID reference="id"/>
        </AD_Preference>
    </AD_Menu>
</idempiere>
