<?xml version="1.0" encoding="UTF-8"?><?xml-stylesheet type="text/css" href="idempiereDocument.css"?><idempiereDocument>
    <header>20250113_JPIERE-0638-01 Package Description</header>
    <H1>Package Name:</H1>
    <packagename>20250113_JPIERE-0638-01</packagename>
    <H1>Author:</H1>
    <Name:/>
    <H1>Email Address:</H1>
    <Email/>
    <H1>Created:</H1>
    <Date>2025-01-13 14:03:19.978</Date>
    <H1>Updated:</H1>
    <Date>2025-01-13 16:35:58.7</Date>
    <H1>Description:</H1>
    <description>Consolidated Management: All Invoice</description>
    <H1>Instructions:</H1>
    <instructions>1:  JP_AllInvoices_V と JP_AllInvoiceLines_V のテーブル設定で、ウィンドウの設定を空欄にしてからパックアウトして下さい。
2: 下記のカラムのリファレンスキーフィールドを空欄にしてからパックアウトして下さい(作成するビューを循環参照しているため)。
*JP_AllInvoices_V.Ref_Invoice_ID
*JP_AllInvoices_V.RelatedInvoice_ID
*JP_AllInvoices_V.Reversal_ID
*JP_AllInvoiceLines_V.Ref_InvoiceLine_ID
3: 下記のビューをDDLから作成してからパックインして下さい。
*JP_CM_Invoice
*JP_CM_InvoiceLine
*JP_AllInvoices_V
*JP_AllInvoiceLines_V</instructions>
    <H1>Files in Package:</H1>
    <file>File: PackOut.xml</file>
    <filedirectory>Directory: \dict\</filedirectory>
    <filenotes>Notes: Contains all application/object settings for package</filenotes>
    <H1>Client:</H1>
    <Client>0-SYSTEM-System</Client>
</idempiereDocument>
