<?xml version="1.0" encoding="UTF-8"?><?xml-stylesheet type="text/css" href="idempiereDocument.css"?><idempiereDocument>
    <header>20240318_JPIERE-0544 Package Description</header>
    <H1>Package Name:</H1>
    <packagename>20240318_JPIERE-0544</packagename>
    <H1>Author:</H1>
    <Name:/>
    <H1>Email Address:</H1>
    <Email/>
    <H1>Created:</H1>
    <Date>2024-03-18 10:54:36.995</Date>
    <H1>Updated:</H1>
    <Date>2024-03-18 10:54:47.383</Date>
    <H1>Description:</H1>
    <description>JPIERE-0544: Tax Calculation at GL Journal - Data patch.
 振替仕訳伝票で消費税の計算に不具合があった場合に、正しく再計算するプロセスです。</description>
    <H1>Instructions:</H1>
    <instructions/>
    <H1>Files in Package:</H1>
    <file>File: PackOut.xml</file>
    <filedirectory>Directory: \dict\</filedirectory>
    <filenotes>Notes: Contains all application/object settings for package</filenotes>
    <H1>Client:</H1>
    <Client>0-SYSTEM-System</Client>
</idempiereDocument>
