<?xml version="1.0" encoding="UTF-8"?><idempiere Name="20240523_JPIERE-0604" Version="11" idempiereVersion="" DataBaseVersion="" Description="JP_Bill_Print" Author="" AuthorEmail="" CreatedDate="2024-05-23 07:57:30.216" UpdatedDate="2024-05-23 07:57:30.216" PackOutVersion="100" UpdateDictionary="false" Client="0-SYSTEM-System" AD_Client_UU="11237b53-9592-4af1-b3c5-afd216514b5d">
    <AD_Process_Para type="table">
        <AD_Client_ID>0</AD_Client_ID>
        <AD_Org_ID>0</AD_Org_ID>
        <IsActive>Y</IsActive>
        <Name>Bill Schema</Name>
        <Description/>
        <Help/>
        <AD_Process_ID reference="uuid" reference-key="AD_Process">2c09a6d4-c88d-4f53-a80b-f71cee807da4</AD_Process_ID>
        <SeqNo>34</SeqNo>
        <AD_Reference_ID reference="id">19</AD_Reference_ID>
        <AD_Reference_Value_ID reference="uuid" reference-key="AD_Reference">f957215e-9400-472c-922e-84dbe4078ced</AD_Reference_Value_ID>
        <IsRange>N</IsRange>
        <AD_Val_Rule_ID reference="id"/>
        <FieldLength>0</FieldLength>
        <IsMandatory>N</IsMandatory>
        <DefaultValue/>
        <VFormat/>
        <ValueMin/>
        <ValueMax/>
        <ColumnName>JP_BillSchema_ID</ColumnName>
        <DefaultValue2/>
        <IsCentrallyMaintained>Y</IsCentrallyMaintained>
        <EntityType>JP</EntityType>
        <AD_Element_ID reference="uuid" reference-key="AD_Element">f91e27f4-9a1d-4a01-8284-b2ca7e336be9</AD_Element_ID>
        <ReadOnlyLogic/>
        <DisplayLogic>@C_BPartner_ID@=0</DisplayLogic>
        <AD_Process_Para_UU>b50cf3a1-e83a-4303-adef-3d60650a24d0</AD_Process_Para_UU>
        <IsEncrypted>N</IsEncrypted>
        <MandatoryLogic/>
        <Query/>
        <AD_FieldGroup_ID reference="id"/>
        <Placeholder/>
        <Placeholder2/>
        <IsAutocomplete>N</IsAutocomplete>
        <DateRangeOption>D</DateRangeOption>
        <IsShowNegateButton>N</IsShowNegateButton>
        <AD_Process_Para_Trl type="translation">
            <Description/>
            <Help/>
            <Name>まとめ請求書作成条件</Name>
            <Placeholder/>
            <Placeholder2/>
            <AD_Language>ja_JP</AD_Language>
            <IsActive>Y</IsActive>
            <IsTranslated>N</IsTranslated>
        </AD_Process_Para_Trl>
    </AD_Process_Para>
    <AD_Process_Para type="table">
        <AD_Client_ID>0</AD_Client_ID>
        <AD_Org_ID>0</AD_Org_ID>
        <IsActive>Y</IsActive>
        <Name>BPartner Group</Name>
        <Description>Business Partner Group</Description>
        <Help>The Business Partner Group provides a method of defining defaults to be used for individual Business Partners.</Help>
        <AD_Process_ID reference="uuid" reference-key="AD_Process">2c09a6d4-c88d-4f53-a80b-f71cee807da4</AD_Process_ID>
        <SeqNo>32</SeqNo>
        <AD_Reference_ID reference="id">19</AD_Reference_ID>
        <AD_Reference_Value_ID reference="id"/>
        <IsRange>N</IsRange>
        <AD_Val_Rule_ID reference="id"/>
        <FieldLength>0</FieldLength>
        <IsMandatory>N</IsMandatory>
        <DefaultValue/>
        <VFormat/>
        <ValueMin/>
        <ValueMax/>
        <ColumnName>C_BP_Group_ID</ColumnName>
        <DefaultValue2/>
        <IsCentrallyMaintained>Y</IsCentrallyMaintained>
        <EntityType>JP</EntityType>
        <AD_Element_ID reference="id">1383</AD_Element_ID>
        <ReadOnlyLogic/>
        <DisplayLogic>@C_BPartner_ID@=0</DisplayLogic>
        <AD_Process_Para_UU>30c3b2d9-901e-4bce-969e-74ddfa9f6634</AD_Process_Para_UU>
        <IsEncrypted>N</IsEncrypted>
        <MandatoryLogic/>
        <Query/>
        <AD_FieldGroup_ID reference="id"/>
        <Placeholder/>
        <Placeholder2/>
        <IsAutocomplete>N</IsAutocomplete>
        <DateRangeOption>D</DateRangeOption>
        <IsShowNegateButton>N</IsShowNegateButton>
        <AD_Process_Para_Trl type="translation">
            <Description/>
            <Help/>
            <Name>取引先グループ</Name>
            <Placeholder/>
            <Placeholder2/>
            <AD_Language>ja_JP</AD_Language>
            <IsActive>Y</IsActive>
            <IsTranslated>Y</IsTranslated>
        </AD_Process_Para_Trl>
    </AD_Process_Para>
</idempiere>
